Player,Tm,G,Team Wins,Overall Seed,MP,PTS,TRB,AST,STL,BLK,FG%,3P%,FT%,WS,WS/48,VORP,BPM,All-NBA,All-Star
George Gervin,SAS,78,41,10,37.6,33.1,5.2,2.6,1.4,1,0.528,0.314,0.852,10.6,0.173,3.1,2.2,1,1
Eddie Johnson,ATL,79,50,6,33.2,18.5,2.5,4.7,1.5,0.3,0.487,0.385,0.828,8.2,0.15,2.8,2.2,0,1
Moses Malone,HOU,82,41,9,38.3,25.8,14.5,1.8,1,1.3,0.502,0,0.719,11.9,0.183,3.8,2.8,1,1
Julius Erving,PHI,78,59,3,36.1,26.9,7.4,4.6,2.2,1.8,0.519,0.2,0.787,12.5,0.213,6.5,7.2,1,1
John Drew,ATL,80,50,6,28.8,19.5,5.9,1.3,1.1,0.3,0.453,0,0.757,6.4,0.134,0.8,-0.7,0,1
Elvin Hayes,WSB,81,39,11,39.3,23,11.1,1.6,0.8,2.3,0.454,0.231,0.699,6.2,0.094,1.3,-0.4,0,1
Dan Roundfield,ATL,81,50,6,32,16.5,10.3,2.3,1.2,1.7,0.499,0,0.71,9.1,0.169,4.3,4.6,1,1
Larry Bird,BOS,82,61,1,36,21.3,10.4,4.5,1.7,0.6,0.474,0.406,0.836,11.2,0.182,5.4,5.3,1,1
Tiny Archibald,BOS,80,61,1,35.8,14.1,2.5,8.4,1.3,0.1,0.482,0.222,0.83,8.9,0.148,1.5,0,0,1
Bill Cartwright,NYK,82,39,12,38.4,21.7,8.9,2,0.6,1.2,0.547,0,0.797,9.7,0.148,2.1,0.6,0,1
Micheal Ray Richardson,NYK,82,39,12,37.3,15.3,6.6,10.1,3.2,0.4,0.472,0.245,0.66,6,0.094,4.4,3.7,0,1
Marques Johnson,MIL,77,49,7,34.9,21.7,7.4,3.5,1.3,0.9,0.544,0.222,0.791,11.5,0.206,4.8,5.1,1,1
Adrian Dantley,UTA,68,24,21,39.3,28,7.6,2.8,1.4,0.2,0.576,0,0.842,10.5,0.189,3.8,3.6,0,1
Kareem Abdul-Jabbar,LAL,82,60,2,38.3,24.8,10.8,4.5,1,3.4,0.604,0,0.765,14.8,0.227,6.8,6.7,1,1
Magic Johnson,LAL,77,60,2,36.3,18,7.7,7.3,2.4,0.5,0.53,0.226,0.81,10.5,0.18,5.3,5.5,0,1
World B. Free,SDC,68,35,16,38,30.2,3.5,4.2,1.2,0.5,0.474,0.36,0.753,8,0.148,1.9,1,0,1
Jack Sikma,SEA,82,56,4,34.1,14.3,11.1,3.4,0.8,0.9,0.475,0,0.805,8.6,0.148,2.8,1.9,0,1
Paul Westphal,PHO,82,55,5,32.5,21.9,2.3,5.1,1.5,0.4,0.525,0.28,0.862,10.5,0.189,2.9,2.4,1,1
Walter Davis,PHO,75,55,5,30.8,21.5,3.6,4.5,1.5,0.3,0.563,0,0.819,8.3,0.173,3.1,3.3,0,1
Dennis Johnson,SEA,81,56,4,36.3,19,5.1,4.1,1.8,1,0.422,0.207,0.78,7.4,0.12,2.8,1.7,1,1
Kermit Washington,POR,80,38,13,33.2,13.4,10.5,2.1,0.9,1.6,0.553,0,0.642,9.1,0.165,3.9,3.8,0,1
Otis Birdsong,KCK,82,47,8,35.2,22.7,4,2.5,1.7,0.3,0.505,0.278,0.694,8.6,0.143,3.1,2.2,0,1
Gus Williams,SEA,82,56,4,36.2,22.1,3.4,4.8,2.4,0.5,0.482,0.194,0.788,11.6,0.187,4.5,4.1,1,0
Julius Erving,PHI,82,62,2,35,24.6,8,4.4,2.1,1.8,0.521,0.222,0.787,13.8,0.231,7.2,8,1,1
Eddie Johnson,ATL,75,31,18,35.9,19.1,2.4,5.4,1.7,0.1,0.504,0.3,0.784,6.9,0.122,2,1,0,1
Artis Gilmore,CHI,82,45,8,34.5,17.9,10.1,2.1,0.6,2.4,0.67,0,0.705,12.3,0.208,4.9,4.9,0,1
Reggie Theus,CHI,82,45,8,34.4,18.9,3.5,5.2,1.5,0.2,0.495,0.2,0.809,9.2,0.156,3,2.1,0,1
Larry Bird,BOS,82,62,1,39.5,21.2,10.9,5.5,2,0.8,0.478,0.27,0.863,10.8,0.16,5.8,5.1,1,1
Robert Parish,BOS,82,62,1,28,18.9,9.5,1.8,1,2.6,0.545,0,0.71,10.9,0.228,4,5,0,1
Tiny Archibald,BOS,80,62,1,35.3,13.8,2.2,7.7,0.9,0.2,0.499,0,0.816,6.9,0.118,0.5,-1.3,1,1
Micheal Ray Richardson,NYK,79,50,7,40.2,16.4,6.9,7.9,2.9,0.4,0.469,0.225,0.663,6.9,0.104,5.2,4.5,0,1
Marques Johnson,MIL,76,60,3,33.4,20.3,6.8,4.6,1.5,0.5,0.552,0,0.706,11.2,0.211,5.1,5.9,1,1
Bobby Jones,PHI,81,62,2,25.3,13.5,5.4,2.8,1.2,0.9,0.539,0,0.813,9.2,0.217,3.6,5,0,1
Mike Mitchell,CLE,82,28,19,39,24.5,6.1,1.7,0.8,0.6,0.476,0.444,0.784,6,0.091,0.4,-1.5,0,1
Paul Westphal,SEA,36,34,17,29.9,16.7,1.9,4.1,1.3,0.4,0.442,0.24,0.832,2.4,0.106,0.2,-1.2,0,1
George Gervin,SAS,82,52,6,33.7,27.1,5.1,3.2,1.1,0.7,0.492,0.257,0.826,10.5,0.182,2.5,1.6,1,1
Kareem Abdul-Jabbar,LAL,80,54,5,37.2,26.2,10.3,3.4,0.7,2.9,0.574,0,0.766,14.3,0.23,5.4,5.3,1,1
Walter Davis,PHO,78,57,4,28,18,2.6,3.9,1.2,0.2,0.539,0.412,0.836,7.1,0.157,1.6,0.9,0,1
Adrian Dantley,UTA,80,28,20,42.7,30.7,6.4,4,1.4,0.2,0.559,0.286,0.806,13.6,0.191,5.7,4.6,1,1
Jamaal Wilkes,LAL,81,54,5,37.4,22.6,5.4,2.9,1.5,0.4,0.526,0.077,0.758,8.5,0.135,2.2,0.8,0,1
Dennis Johnson,PHO,79,57,4,33.1,18.8,4.6,3.7,1.7,0.8,0.436,0.216,0.82,8.4,0.154,2.6,2,1,1
Moses Malone,HOU,80,40,11,40.6,27.8,14.8,1.8,1,1.9,0.522,0.333,0.757,13.7,0.202,4.7,3.7,1,1
Truck Robinson,PHO,82,57,4,37.7,18.8,9.6,2.5,0.8,0.5,0.505,0,0.629,7.6,0.119,1.5,0,0,1
Jack Sikma,SEA,82,34,17,35.6,18.7,10.4,3,1,1.1,0.454,0,0.823,8,0.132,2.6,1.5,0,1
Otis Birdsong,KCK,71,40,12,36.5,24.6,3.6,3.3,1.3,0.3,0.544,0.286,0.697,8.2,0.152,2.8,2.4,1,1
Julius Erving,PHI,81,58,2,34.4,24.4,6.9,3.9,2,1.7,0.546,0.273,0.763,13.3,0.229,6.9,7.8,1,1
Larry Bird,BOS,77,63,1,38,22.9,10.9,5.8,1.9,0.9,0.503,0.212,0.863,12.5,0.205,7,7.5,1,1
Tiny Archibald,BOS,68,63,1,31.9,12.6,1.7,8,0.8,0,0.472,0.375,0.747,5.2,0.115,-0.2,-2.5,0,1
Isiah Thomas,DET,72,39,15,33.8,17,2.9,7.8,2.1,0.2,0.424,0.288,0.704,2.3,0.046,0.6,-1,0,1
Artis Gilmore,CHI,82,34,17,34.1,18.5,10.2,1.7,0.6,2.7,0.652,1,0.768,12.1,0.208,4.6,4.5,0,1
Sidney Moncrief,MIL,80,55,4,37.3,19.8,6.7,4.8,1.7,0.3,0.523,0.071,0.817,13.4,0.216,5.6,5.5,1,1
Buck Williams,NJN,82,44,11,34.5,15.5,12.3,1.3,1,1,0.582,0,0.624,8.9,0.152,2.7,1.8,0,1
Robert Parish,BOS,80,63,1,31.7,19.9,10.8,1.8,0.9,2.4,0.542,0,0.71,10,0.19,3.7,3.8,1,1
Micheal Ray Richardson,NYK,82,33,18,37.1,17.9,6.9,7,2.6,0.5,0.461,0.188,0.7,5.5,0.086,4.6,4.1,0,1
Kelly Tripucka,DET,82,39,15,37.5,21.6,5.4,3.3,1.1,0.2,0.496,0.227,0.797,7.5,0.117,2.5,1.2,0,1
Bobby Jones,PHI,76,58,2,28.7,14.4,5.2,2.5,1.3,1.5,0.564,0,0.79,8.2,0.181,3.4,4.2,0,1
Bob Lanier,MIL,74,55,4,26.8,13.5,5.2,3,1,0.8,0.558,0,0.752,6.6,0.16,2.1,2.2,0,1
George Gervin,SAS,79,48,6,35.7,32.3,5,2.4,1,0.6,0.5,0.278,0.864,10.7,0.182,2.6,1.7,1,1
Gus Williams,SEA,80,52,5,36,23.4,3.1,6.9,2.2,0.5,0.486,0.225,0.734,10.2,0.171,4.5,4.2,1,1
Kareem Abdul-Jabbar,LAL,76,57,3,35.2,23.9,8.7,3,0.8,2.7,0.579,0,0.706,10.7,0.192,4.2,4.3,0,1
Adrian Dantley,UTA,81,25,21,39.8,30.3,6.3,4,1.2,0.2,0.57,0.333,0.792,12.6,0.187,5.3,4.6,0,1
Lonnie Shelton,SEA,81,52,5,32.9,14.9,6.3,3.1,1.2,0.5,0.486,0,0.783,5.8,0.105,2.2,1.2,0,1
Magic Johnson,LAL,78,57,3,38.3,18.6,9.6,9.5,2.7,0.4,0.537,0.207,0.76,12.9,0.207,7.8,8.3,1,1
Jack Sikma,SEA,82,52,5,37.2,19.6,12.7,3.4,1.2,1.3,0.479,0.154,0.855,12.6,0.199,4.7,4.1,0,1
Moses Malone,HOU,81,46,8,42,31.1,14.7,1.8,0.9,1.5,0.519,0,0.762,15.4,0.218,5.4,4.3,1,1
Norm Nixon,LAL,82,57,3,36.9,17.6,2.1,8,1.6,0.1,0.493,0.25,0.808,6.6,0.104,0.4,-1.4,0,1
Dennis Johnson,PHO,80,46,9,36.7,19.5,5.1,4.6,1.3,0.7,0.47,0.19,0.806,8.1,0.132,2.7,1.7,0,1
Bernard King,GSW,79,45,10,36.2,23.2,5.9,3.6,1,0.3,0.566,0.2,0.705,8.7,0.147,3.4,2.7,1,1
Alex English,DEN,82,46,7,36.8,25.4,6.8,5.3,1.1,1.5,0.551,0,0.84,9.5,0.152,4.6,4.1,1,1
Isiah Thomas,DET,81,37,16,38.2,22.9,4,7.8,2.5,0.4,0.472,0.288,0.71,7.4,0.115,3.4,2.4,1,1
Larry Bird,BOS,79,56,3,37.7,23.6,11,5.8,1.9,0.9,0.504,0.286,0.84,14,0.225,7.2,7.6,1,1
Julius Erving,PHI,72,65,1,33.6,21.4,6.8,3.7,1.6,1.8,0.517,0.286,0.759,10.9,0.217,5.1,6.3,1,1
Moses Malone,PHI,78,65,1,37.5,24.5,15.3,1.3,1.1,2,0.501,0,0.761,15.1,0.248,4,3.4,1,1
Maurice Cheeks,PHI,79,65,1,31.2,12.5,2.6,6.9,2.3,0.4,0.542,0.167,0.754,9.4,0.183,3.6,3.8,0,1
Sidney Moncrief,MIL,76,51,6,35.7,22.5,5.8,3.9,1.5,0.3,0.524,0.1,0.826,13.2,0.233,5.3,5.7,1,1
Marques Johnson,MIL,80,51,6,35.7,21.4,7,4.5,1.3,0.7,0.509,0.2,0.735,10.7,0.18,4.9,4.8,0,1
Buck Williams,NJN,82,49,7,36.1,17,12.5,1.5,1.1,1.3,0.588,0,0.62,11.4,0.185,3.9,3.3,1,1
Robert Parish,BOS,78,56,3,31.5,19.3,10.6,1.8,1,1.9,0.55,0,0.698,10.8,0.211,3.7,4,0,1
Andrew Toney,PHI,81,65,1,30.5,19.7,2.8,4.5,1,0.2,0.501,0.289,0.788,7.3,0.141,1.6,0.6,0,1
Reggie Theus,CHI,82,28,19,34.8,23.8,3.7,5.9,1.7,0.2,0.478,0.231,0.801,6.5,0.11,2.4,1.4,0,1
Bill Laimbeer,DET,82,37,16,35,13.6,12.1,3.2,0.6,1.4,0.497,0.154,0.79,8.5,0.142,3.1,2.3,0,1
Magic Johnson,LAL,79,58,2,36.8,16.8,8.6,10.5,2.2,0.6,0.548,0,0.8,12.5,0.207,6.9,7.4,1,1
Kareem Abdul-Jabbar,LAL,79,58,2,32.3,21.8,7.5,2.5,0.8,2.2,0.588,0,0.749,10.9,0.205,3.8,3.8,1,1
Maurice Lucas,PHO,77,53,4,33.6,16.5,10.4,2.8,0.7,0.6,0.474,0.333,0.781,7.1,0.132,1.6,0.4,0,1
Alex English,DEN,82,45,10,36.4,28.4,7.3,4.8,1.4,1.5,0.516,0.167,0.829,10.3,0.166,5,4.7,1,1
David Thompson,SEA,75,48,8,28.7,15.9,3.6,3,0.6,0.4,0.481,0.2,0.784,5.4,0.12,1,-0.2,0,1
Jim Paxson,POR,81,46,9,33.8,21.7,2.1,2.9,1.7,0.2,0.515,0.16,0.812,10.2,0.178,2.6,1.8,0,1
Jack Sikma,SEA,75,48,8,34.2,18.2,11.4,3.1,1.2,0.9,0.464,0,0.837,9.8,0.183,3.4,3.2,0,1
Artis Gilmore,SAS,82,53,5,34.1,18,12,1.5,0.5,2.3,0.626,0,0.74,11,0.189,4,3.6,0,1
Jamaal Wilkes,LAL,80,58,2,31.9,19.6,4.3,2.3,0.8,0.2,0.53,0,0.757,7.4,0.139,1.1,-0.3,0,1
Gus Williams,SEA,80,48,8,34.5,20,2.6,8,2.3,0.3,0.477,0.047,0.751,8.5,0.148,3.3,2.7,0,1
George Gervin,SAS,78,53,5,36.3,26.2,4.6,3.4,1.1,0.9,0.487,0.364,0.853,9.4,0.159,2.2,1.1,1,1
Kiki Vandeweghe,DEN,82,45,10,35.5,26.7,5.3,2.5,0.8,0.5,0.547,0.294,0.875,11,0.182,2.7,1.6,0,1
Isiah Thomas,DET,82,49,5,36.7,21.3,4,11.1,2.5,0.4,0.462,0.338,0.733,9.1,0.144,4.7,4.3,1,1
Julius Erving,PHI,77,52,3,34.8,22.4,6.9,4,1.8,1.8,0.512,0.333,0.754,10.1,0.18,5.3,5.9,1,1
Larry Bird,BOS,79,62,1,38.3,24.2,10.1,6.6,1.8,0.9,0.492,0.247,0.888,13.6,0.215,7.4,7.8,1,1
Robert Parish,BOS,80,62,1,35.8,19,10.7,1.7,0.7,1.5,0.546,0,0.745,10.5,0.175,2.9,2.1,0,1
Sidney Moncrief,MIL,79,50,4,38.9,20.9,6.7,4.5,1.4,0.3,0.498,0.278,0.848,12.7,0.198,5.3,4.8,1,1
Bernard King,NYK,77,47,7,34.6,26.3,5.1,2.1,1,0.2,0.572,0,0.779,12.1,0.218,3.7,3.6,1,1
Andrew Toney,PHI,78,52,3,32.8,20.4,2.5,4.8,0.9,0.3,0.527,0.316,0.839,6.4,0.12,1.1,-0.2,0,1
Bill Laimbeer,DET,82,49,5,34.9,17.3,12.2,1.8,0.6,1,0.53,0,0.866,10.8,0.181,3.2,2.4,0,1
Jeff Ruland,WSB,75,35,18,41.1,22.2,12.3,3.9,0.9,1,0.579,0.143,0.733,9.3,0.144,4.9,4.3,0,1
Otis Birdsong,NJN,69,45,8,31.4,19.8,2.5,3.9,1.2,0.2,0.508,0.25,0.608,4.5,0.1,1,-0.1,0,1
Kevin McHale,BOS,82,62,1,31.4,18.4,7.4,1.3,0.3,1.5,0.556,0.333,0.765,10.5,0.196,2.4,1.6,0,1
Kelly Tripucka,DET,76,49,5,32.8,21.3,4,3,0.9,0.2,0.459,0.118,0.815,5.7,0.109,0.8,-0.8,0,1
Kareem Abdul-Jabbar,LAL,80,54,2,32.8,21.5,7.3,2.6,0.7,1.8,0.578,0,0.723,8.9,0.163,3.2,2.8,1,1
Magic Johnson,LAL,67,54,2,38.3,17.6,7.3,13.1,2.2,0.7,0.565,0.207,0.81,10.2,0.191,5.2,6.1,1,1
George Gervin,SAS,76,37,17,34,25.9,4.1,2.9,1,0.6,0.49,0.417,0.842,5.5,0.102,1.1,-0.4,0,1
Alex English,DEN,82,38,14,35,26.4,5.7,5,1,1.2,0.529,0.143,0.824,8.2,0.136,3.9,3.3,0,1
Adrian Dantley,UTA,79,45,9,37.8,30.6,5.7,3.9,0.8,0.1,0.558,0.25,0.859,14.6,0.235,4.8,4.4,1,1
Jack Sikma,SEA,82,42,11,36.5,19.1,11.1,4,1.2,1.1,0.499,0,0.856,9.7,0.156,4.5,4,0,1
Kiki Vandeweghe,DEN,78,38,14,35.1,29.4,4.8,3.1,0.7,0.6,0.558,0.367,0.852,10.3,0.181,2.7,1.9,0,1
Rickey Green,UTA,81,45,9,34.2,13.2,2.8,9.2,2.7,0.2,0.486,0.118,0.821,7.9,0.138,2.4,1.4,0,1
Ralph Sampson,HOU,82,29,20,32.8,21,11.1,2,0.9,2.4,0.523,0.25,0.661,6,0.108,2.3,1.4,0,1
Walter Davis,PHO,78,41,12,32.6,20,2.6,5.5,1.4,0.2,0.512,0.23,0.863,6.2,0.118,1.6,0.5,0,1
Jim Paxson,POR,81,48,6,33.2,21.3,2.1,3.1,1.5,0.1,0.514,0.288,0.841,9.5,0.17,2.1,1.1,1,1
Mark Aguirre,DAL,79,43,10,36.7,29.5,5.9,4.5,1,0.3,0.524,0.268,0.749,9,0.149,3.9,3.3,0,1
Moses Malone,PHI,71,52,3,36.8,22.7,13.4,1.4,1,1.5,0.483,0,0.75,9.5,0.175,1.8,0.7,1,1
Magic Johnson,LAL,77,62,2,36.1,18.3,6.2,12.6,1.5,0.3,0.561,0.189,0.843,12.7,0.22,5.2,5.4,1,1
Ralph Sampson,HOU,82,48,6,37.6,22.1,10.4,2.7,1,2,0.502,0,0.676,6.2,0.096,2.1,0.8,1,1
George Gervin,SAS,72,41,11,29,21.2,3.3,2.5,0.9,0.7,0.508,0,0.844,4.6,0.106,0.4,-1.3,0,1
Kareem Abdul-Jabbar,LAL,79,62,2,33.3,22,7.9,3.2,0.8,2.1,0.599,0,0.732,11.2,0.204,4.6,4.9,1,1
Adrian Dantley,UTA,55,41,12,35.8,26.6,5.9,3.4,1,0.1,0.531,0,0.804,8,0.194,3,3.9,0,1
Rolando Blackman,DAL,81,44,8,35,19.7,3.7,3.6,0.8,0.2,0.508,0.3,0.828,7.3,0.123,1.9,0.6,0,1
Norm Nixon,LAC,81,31,19,35.7,17.2,2.7,8.8,1.2,0,0.465,0.333,0.78,3.7,0.061,0.5,-1.3,0,1
Larry Nance,PHO,61,36,16,36.1,19.9,8.8,2.6,1.4,1.7,0.587,0.5,0.709,7.9,0.173,4,5.2,0,1
Hakeem Olajuwon,HOU,82,48,6,35.5,20.6,11.9,1.4,1.2,2.7,0.538,0,0.613,10.2,0.168,4,3.4,0,1
Alex English,DEN,81,52,5,36.1,27.9,5.7,4.2,1.2,0.6,0.518,0.2,0.829,8.9,0.146,3.2,2.4,0,1
Jack Sikma,SEA,68,31,20,35.3,18.5,10.6,4.2,1.2,1.3,0.489,0.2,0.852,8.3,0.166,4,4.5,0,1
Calvin Natt,DEN,78,52,5,34.1,23.3,7.8,3.1,1,0.4,0.546,0,0.793,10.2,0.185,3.1,2.7,0,1
Moses Malone,PHI,79,58,4,37.4,24.6,13.1,1.6,0.8,1.6,0.469,0,0.815,11.9,0.193,2.6,1.5,1,1
Larry Bird,BOS,80,63,1,39.5,28.7,10.5,6.6,1.6,1.2,0.522,0.427,0.882,15.7,0.238,8.4,8.5,1,1
Isiah Thomas,DET,81,46,7,38.1,21.2,4.5,13.9,2.3,0.3,0.458,0.257,0.809,11.2,0.173,5.6,5.2,1,1
Julius Erving,PHI,78,58,4,32.5,20,5.3,3,1.7,1.4,0.494,0.214,0.765,7.6,0.144,3.3,3.2,0,1
Michael Jordan,CHI,82,38,14,38.3,28.2,6.5,5.9,2.4,0.8,0.515,0.173,0.845,14,0.213,8.1,8.2,1,1
Bernard King,NYK,55,24,21,37.5,32.9,5.8,3.7,1.3,0.3,0.53,0.1,0.772,7.1,0.166,3.3,4.3,1,1
Sidney Moncrief,MIL,73,59,3,37.5,21.7,5.4,5.2,1.6,0.5,0.483,0.273,0.828,11.2,0.197,4.6,4.7,1,1
Terry Cummings,MIL,79,59,3,34.5,23.6,9.1,2.9,1.5,0.8,0.495,0,0.741,10.7,0.189,4,3.8,1,1
Micheal Ray Richardson,NJN,82,42,9,38.1,20.1,5.6,8.2,3,0.3,0.469,0.252,0.767,8.7,0.134,5.6,5.1,0,1
Dennis Johnson,BOS,80,63,1,37.2,15.7,4,6.8,1.2,0.5,0.462,0.269,0.853,6.4,0.103,1.7,0.2,0,1
Bill Laimbeer,DET,82,46,7,35.3,17.5,12.4,1.9,0.8,0.9,0.506,0.222,0.797,9.8,0.162,2.9,1.9,0,1
Robert Parish,BOS,79,63,1,36.1,17.6,10.6,1.6,0.7,1.3,0.542,0,0.743,9,0.151,2.2,1,0,1
Isiah Thomas,DET,77,46,8,36.2,20.9,3.6,10.8,2.2,0.3,0.488,0.31,0.79,8.8,0.151,4.3,4,1,1
Larry Bird,BOS,82,67,1,38,25.8,9.8,6.8,2,0.6,0.496,0.423,0.896,15.8,0.244,8.7,9.1,1,1
Moses Malone,PHI,74,54,4,36.6,23.8,11.8,1.2,0.9,1,0.458,0,0.787,8.9,0.157,0.8,-0.8,0,1
Sidney Moncrief,MIL,73,57,3,35.2,20.2,4.6,4.9,1.4,0.2,0.489,0.32,0.859,11.7,0.219,4.6,5.1,1,1
Julius Erving,PHI,74,54,4,33.4,18.1,5,3.4,1.5,1.1,0.48,0.281,0.785,5.9,0.114,2.8,2.4,0,1
Buck Williams,NJN,82,39,12,37.4,15.9,12,1.6,0.9,1.2,0.523,0,0.676,6.8,0.106,2.2,0.8,0,1
Kevin McHale,BOS,68,67,1,35.3,21.3,8.1,2.7,0.4,2,0.574,0,0.776,11,0.22,4,4.6,0,1
Dominique Wilkins,ATL,78,50,6,39.1,30.3,7.9,2.6,1.8,0.6,0.468,0.186,0.818,10.8,0.17,4.3,3.6,1,1
Maurice Cheeks,PHI,82,54,4,39.9,15.4,2.9,9.2,2.5,0.3,0.537,0.235,0.842,10.6,0.155,3.6,2.3,0,1
Jeff Malone,WSB,80,39,13,37.4,22.4,3.6,2.4,0.9,0.2,0.483,0.176,0.868,6.1,0.098,0.5,-1.4,0,1
Robert Parish,BOS,81,67,1,31.7,16.1,9.5,1.8,0.8,1.4,0.549,0,0.731,9.2,0.171,3,2.6,0,1
Kareem Abdul-Jabbar,LAL,79,62,2,33.3,23.4,6.1,3.5,0.8,1.6,0.564,0,0.765,10.8,0.197,4.3,4.5,1,1
James Worthy,LAL,75,62,2,32.7,20,5.2,2.7,1.1,1,0.579,0,0.771,9.5,0.185,3.7,4.1,0,1
Magic Johnson,LAL,72,62,2,35.8,18.8,5.9,12.6,1.6,0.2,0.526,0.233,0.871,12.1,0.226,5.2,5.9,1,1
Ralph Sampson,HOU,79,51,5,36.3,18.9,11.1,3.6,1.3,1.6,0.488,0.133,0.641,5,0.084,2.5,1.5,0,1
Alvin Robertson,SAS,82,35,15,35.1,17,6.3,5.5,3.7,0.5,0.514,0.276,0.795,8.6,0.143,6.2,6.6,1,1
Rolando Blackman,DAL,82,44,9,34,21.5,3.5,3.3,1,0.3,0.514,0.138,0.836,7,0.121,1.6,0.3,0,1
Adrian Dantley,UTA,76,42,10,36.1,29.8,5.2,3.5,0.8,0.1,0.563,0.091,0.791,12.8,0.223,4.8,4.9,0,1
Alex English,DEN,81,47,7,37.3,29.8,5,4,0.9,0.4,0.504,0.2,0.862,9.8,0.156,3.2,2.1,1,1
Clyde Drexler,POR,75,40,11,34.3,18.5,5.6,8,2.6,0.6,0.475,0.2,0.769,6.7,0.124,4.6,5.1,1,1
Hakeem Olajuwon,HOU,68,51,5,36.3,23.5,11.5,2,2,3.4,0.526,0,0.645,9.5,0.186,4.6,5.3,0,1
Artis Gilmore,SAS,71,35,15,33.7,16.7,8.5,1.4,0.5,1.5,0.618,0,0.701,7.1,0.143,2.1,1.4,0,1
Marques Johnson,LAC,75,32,16,34.7,20.3,5.5,3.8,1.4,0.7,0.51,0.067,0.76,5.9,0.108,2.7,2.1,0,1
Charles Barkley,PHI,80,54,4,36.9,20,12.8,3.9,2.2,1.6,0.572,0.227,0.685,10.8,0.176,7.3,7.9,1,0
Magic Johnson,LAL,80,65,1,36.3,23.9,6.3,12.2,1.7,0.5,0.522,0.205,0.848,15.9,0.263,7.4,8.1,1,1
Tom Chambers,SEA,82,39,15,36.8,23.3,6.6,3,1,0.6,0.456,0.372,0.849,7.4,0.118,1.9,0.5,0,1
James Worthy,LAL,82,65,1,34.4,19.4,5.7,2.8,1.3,1,0.539,0,0.751,9.3,0.158,3.1,2.3,0,1
Hakeem Olajuwon,HOU,75,42,11,36.8,23.4,11.4,2.9,1.9,3.4,0.508,0.2,0.702,10.9,0.189,6,6.6,1,1
Alvin Robertson,SAS,81,28,20,33.3,17.7,5.2,5.2,3.2,0.4,0.466,0.271,0.753,5.3,0.094,4,3.9,0,1
Kareem Abdul-Jabbar,LAL,78,65,1,31.3,17.5,6.7,2.6,0.6,1.2,0.564,0.333,0.714,7.5,0.148,2.2,1.6,0,1
Rolando Blackman,DAL,80,55,4,34.5,21,3.5,3.3,0.8,0.3,0.495,0.333,0.884,8,0.14,1.8,0.6,0,1
Sleepy Floyd,GSW,82,42,10,37.4,18.8,3.3,10.3,1.8,0.2,0.488,0.384,0.86,10,0.157,3.6,2.7,0,1
Joe Barry Carroll,GSW,81,42,10,33.6,21.2,7.3,2.6,1.1,1.5,0.472,0,0.787,4.6,0.082,1.6,0.4,0,1
Mark Aguirre,DAL,80,55,4,33.3,25.7,5.3,3.2,1.1,0.4,0.495,0.353,0.77,8.9,0.16,3.2,2.8,0,1
Walter Davis,PHO,79,36,17,33.5,23.6,3.1,4.6,1.2,0.1,0.514,0.259,0.862,5.8,0.105,1.8,0.7,0,1
Alex English,DEN,82,37,16,37.6,28.6,4.2,5.1,0.9,0.3,0.503,0.267,0.844,8.1,0.126,2.3,1,0,1
Moses Malone,WSB,73,42,12,34.1,24.1,11.3,1.6,0.8,1.3,0.454,0,0.824,9.4,0.182,2.5,1.9,1,1
Larry Bird,BOS,74,59,2,40.6,28.1,9.2,7.6,1.8,0.9,0.525,0.4,0.91,15.2,0.243,8.5,9.2,1,1
Julius Erving,PHI,60,45,8,32,16.8,4.4,3.2,1.3,1.6,0.471,0.264,0.813,3.5,0.088,1.4,0.9,0,1
Michael Jordan,CHI,82,40,14,40,37.1,5.2,4.6,2.9,1.5,0.482,0.182,0.857,16.9,0.247,8.8,8.6,1,1
Dominique Wilkins,ATL,79,57,3,37.6,29,6.3,3.3,1.5,0.6,0.463,0.292,0.818,12.2,0.197,5.2,4.9,1,1
Kevin McHale,BOS,77,59,2,39.7,26.1,9.9,2.6,0.5,2.2,0.604,0,0.836,14.8,0.232,5.6,5.2,1,1
Isiah Thomas,DET,81,52,5,37.2,20.6,3.9,10,1.9,0.2,0.463,0.194,0.768,7.6,0.121,3.8,3,1,1
Charles Barkley,PHI,68,45,8,40.3,23,14.6,4.9,1.8,1.5,0.594,0.202,0.761,12,0.21,7.8,9.2,1,1
Jeff Malone,WSB,80,42,12,34.5,22,2.7,3.7,0.9,0.2,0.457,0.154,0.885,5.6,0.097,0.8,-0.9,0,1
Bill Laimbeer,DET,82,52,5,34.8,15.4,11.6,1.8,0.9,0.8,0.501,0.286,0.894,10.5,0.176,3.3,2.6,0,1
Robert Parish,BOS,80,59,2,37.4,17.5,10.6,2.2,0.8,1.8,0.556,0,0.735,9.2,0.147,3.3,2.3,0,1
Maurice Cheeks,PHI,68,45,8,38.6,15.6,3.2,7.9,2.6,0.2,0.527,0.235,0.777,7.9,0.145,2.7,2.1,0,1
Fat Lever,DEN,82,37,16,37.2,18.9,8.9,8,2.5,0.4,0.469,0.239,0.782,9.7,0.153,5.9,5.6,1,0
Larry Bird,BOS,76,57,2,39,29.9,9.3,6.1,1.6,0.8,0.527,0.414,0.916,15,0.243,8.1,8.8,1,1
Dominique Wilkins,ATL,78,50,7,37.8,30.7,6.4,2.9,1.3,0.6,0.464,0.295,0.826,9.8,0.16,3.7,2.9,1,1
Michael Jordan,CHI,82,50,8,40.4,35,5.5,5.9,3.2,1.6,0.535,0.132,0.841,21.2,0.308,11.8,12.2,1,1
Isiah Thomas,DET,81,54,4,36.1,19.5,3.4,8.4,1.7,0.2,0.463,0.309,0.774,7.6,0.124,3.3,2.5,0,1
Moses Malone,WSB,79,38,15,34.1,20.3,11.2,1.4,0.7,0.9,0.487,0.286,0.788,9.2,0.163,2.6,1.8,0,1
Danny Ainge,BOS,81,57,2,37.3,15.7,3.1,6.2,1.4,0.2,0.491,0.415,0.878,8.6,0.136,3.7,2.9,0,1
Patrick Ewing,NYK,82,38,14,31,20.2,8.2,1.5,1.3,3,0.555,0,0.716,8.1,0.154,4.1,4.4,1,1
Doc Rivers,ATL,80,50,7,31.3,14.2,4.6,9.3,1.8,0.5,0.453,0.273,0.758,8.3,0.159,4.3,4.9,0,1
Brad Daugherty,CLE,79,42,12,37.4,18.7,8.4,4.2,0.6,0.7,0.51,0,0.716,6.6,0.107,2.5,1.3,0,1
Charles Barkley,PHI,80,36,17,39.6,28.3,11.9,3.2,1.3,1.3,0.587,0.28,0.751,16.7,0.253,8.7,9,1,1
Kevin McHale,BOS,64,57,2,37.3,22.6,8.4,2.7,0.4,1.4,0.604,0,0.797,10.2,0.205,3.7,4.1,0,1
Maurice Cheeks,PHI,79,36,17,36.3,13.7,3.2,8,2.1,0.3,0.495,0.136,0.825,8.3,0.138,2.7,1.8,0,1
Magic Johnson,LAL,72,62,1,36.6,19.6,6.2,11.9,1.6,0.2,0.492,0.196,0.853,10.9,0.199,4.9,5.3,1,1
Karl Malone,UTA,82,47,9,39,27.7,12,2.4,1.4,0.6,0.52,0,0.7,10.1,0.152,3.7,2.5,1,1
Fat Lever,DEN,82,54,3,37.3,18.9,8.1,7.8,2.7,0.3,0.473,0.211,0.785,10.4,0.163,6.2,6.1,0,1
Hakeem Olajuwon,HOU,79,46,10,35.8,22.8,12.1,2.1,2.1,2.7,0.514,0,0.695,10.7,0.182,5,5,1,1
Alex English,DEN,80,54,3,35.2,25,4.7,4.7,0.9,0.3,0.495,0,0.828,7.6,0.129,2.5,1.4,0,1
Clyde Drexler,POR,81,53,6,37.8,27,6.6,5.8,2.5,0.6,0.506,0.212,0.811,13.2,0.207,7.3,7.4,1,1
Kareem Abdul-Jabbar,LAL,80,62,1,28.9,14.6,6,1.7,0.6,1.2,0.532,0,0.762,5.3,0.111,0.8,-0.6,0,1
James Worthy,LAL,75,62,1,35.4,19.7,5,3.9,1,0.7,0.531,0.125,0.796,7.9,0.143,2.7,2,0,1
Xavier McDaniel,SEA,78,44,11,34.7,21.4,6.6,3.4,1.2,0.7,0.488,0.28,0.715,6.2,0.11,2.6,1.8,0,1
Mark Aguirre,DAL,77,53,5,33.9,25.1,5.6,3.6,0.9,0.7,0.475,0.302,0.77,8.8,0.163,3.4,3.1,0,1
Alvin Robertson,SAS,82,31,18,36.3,19.6,6.1,6.8,3,0.8,0.465,0.284,0.748,5.8,0.094,4.5,4,0,1
James Donaldson,DAL,81,53,5,31.1,7,9.3,0.8,0.5,1.3,0.558,0,0.778,6.2,0.119,2,1.1,0,1
John Stockton,UTA,82,47,9,34.7,14.7,2.9,13.8,3,0.2,0.574,0.358,0.84,14.1,0.238,4.3,3.9,1,0
John Stockton,UTA,82,51,7,38.7,17.1,3,13.6,3.2,0.2,0.538,0.242,0.863,15.6,0.236,5.5,4.8,1,1
Alex English,DEN,82,44,13,36.5,26.5,4,4.7,0.8,0.1,0.491,0.25,0.858,6.8,0.11,1.3,-0.2,0,1
Karl Malone,UTA,80,51,7,39.1,29.1,10.7,2.7,1.8,0.9,0.519,0.313,0.766,15.2,0.233,6.5,6.1,1,1
Dale Ellis,SEA,82,47,10,38.9,27.5,4.2,2,1.3,0.3,0.501,0.478,0.816,10.8,0.163,3.3,2.1,1,1
Hakeem Olajuwon,HOU,82,45,12,36.9,24.8,13.5,1.8,2.6,3.4,0.508,0,0.696,12.4,0.197,5.6,5.4,1,1
Clyde Drexler,POR,78,39,17,39.3,27.2,7.9,5.8,2.7,0.7,0.496,0.26,0.799,12.6,0.197,7.2,7.3,0,1
James Worthy,LAL,81,57,3,36.5,20.5,6,3.6,1.3,0.7,0.548,0.087,0.782,9.7,0.158,3.8,3.1,0,1
Tom Chambers,PHO,81,55,4,37.1,25.7,8.4,2.9,1.1,0.7,0.471,0.326,0.851,9.2,0.146,2.4,1.2,1,1
Chris Mullin,GSW,82,43,14,37.7,26.5,5.9,5.1,2.1,0.5,0.509,0.23,0.892,10.6,0.165,4.4,3.7,1,1
Kareem Abdul-Jabbar,LAL,74,57,3,22.9,10.1,4.5,1,0.5,1.1,0.475,0,0.739,2.9,0.082,-0.1,-2.3,0,1
Mark Eaton,UTA,82,51,7,35.5,6.2,10.3,1,0.5,3.8,0.462,0,0.66,6.6,0.108,3.7,3,0,1
Kevin Duckworth,POR,79,39,17,33.7,18.1,8,0.8,0.7,0.6,0.477,0,0.757,4.8,0.086,-1.1,-3.7,0,1
Michael Jordan,CHI,81,47,9,40.2,32.5,8,8,2.9,0.8,0.538,0.276,0.85,19.8,0.292,12,12.6,1,1
Isiah Thomas,DET,80,63,1,36.6,18.2,3.4,8.3,1.7,0.3,0.464,0.273,0.818,7,0.115,3.1,2.2,0,1
Charles Barkley,PHI,79,46,11,39.1,25.8,12.5,4.1,1.6,0.8,0.579,0.216,0.753,16.1,0.25,9.2,9.8,1,1
Moses Malone,ATL,81,52,5,35.5,20.2,11.8,1.4,1,1.2,0.491,0,0.789,10.7,0.178,3,2.1,0,1
Dominique Wilkins,ATL,80,52,5,37.5,26.2,6.9,2.6,1.5,0.7,0.464,0.276,0.844,10.4,0.166,3.5,2.6,1,1
Mark Price,CLE,75,57,2,36.4,18.9,3,8.4,1.5,0.1,0.526,0.441,0.901,11.3,0.199,3.8,3.5,1,1
Terry Cummings,MIL,80,49,8,35.3,22.9,8.1,2.5,1.3,0.9,0.467,0.467,0.787,7.7,0.131,2.6,1.7,1,1
Larry Nance,CLE,73,57,2,34.6,17.2,8,2.2,0.8,2.8,0.539,0,0.799,10.3,0.197,3.8,4,0,1
Patrick Ewing,NYK,80,52,6,36.2,22.7,9.3,2.4,1.5,3.5,0.567,0,0.746,10.9,0.181,4.9,4.7,1,1
Kevin McHale,BOS,78,42,15,36.9,22.5,8.2,2.2,0.3,1.2,0.546,0,0.818,10.1,0.168,3,2.1,0,1
Mark Jackson,NYK,72,52,6,34.4,16.9,4.7,8.6,1.9,0.1,0.467,0.338,0.698,7.2,0.14,3.3,3.3,0,1
Brad Daugherty,CLE,78,57,2,36.2,18.9,9.2,3.7,0.8,0.5,0.538,0.333,0.737,9.6,0.164,3.3,2.6,0,1
Magic Johnson,LAL,77,57,3,37.5,22.5,7.9,12.8,1.8,0.3,0.509,0.314,0.911,16.1,0.267,8.2,9.3,1,1
Kevin Johnson,PHO,81,55,4,39.2,20.4,4.2,12.2,1.7,0.3,0.505,0.091,0.882,12.2,0.184,4.5,3.5,1,0
Robert Parish,BOS,80,42,15,35.5,18.6,12.5,2.2,1,1.5,0.57,0,0.719,10.5,0.177,4.5,4.2,1,0
Michael Jordan,CHI,82,55,5,39,33.6,6.9,6.3,2.8,0.7,0.526,0.376,0.848,19,0.285,10.1,10.6,1,1
Isiah Thomas,DET,81,59,2,37,18.4,3.8,9.4,1.7,0.2,0.438,0.309,0.775,6.7,0.107,3.4,2.5,0,1
Patrick Ewing,NYK,82,45,11,38.6,28.6,10.9,2.2,1,4,0.551,0.25,0.775,13.5,0.205,5.2,4.6,1,1
Larry Bird,BOS,75,52,9,39.3,24.3,9.5,7.5,1.4,0.8,0.473,0.333,0.93,9.5,0.154,6.1,6.1,1,1
Charles Barkley,PHI,79,53,8,39.1,25.2,11.5,3.9,1.9,0.6,0.6,0.217,0.749,17.3,0.269,9.2,9.8,1,1
Robert Parish,BOS,79,52,9,30.3,15.7,10.1,1.3,0.5,0.9,0.58,0,0.747,7.8,0.157,2.1,1.4,0,1
Kevin McHale,BOS,82,52,9,33.2,20.9,8.3,2.1,0.4,1.9,0.549,0.333,0.893,11.1,0.195,3.9,3.7,0,1
Joe Dumars,DET,75,59,2,34.4,17.8,2.8,4.9,0.8,0,0.48,0.4,0.9,8.7,0.162,2.3,1.5,1,1
Dominique Wilkins,ATL,80,41,17,36.1,26.7,6.5,2.5,1.6,0.6,0.484,0.322,0.807,11.1,0.184,4.2,3.7,0,1
Reggie Miller,IND,82,42,15,38.9,24.6,3.6,3.8,1.3,0.2,0.514,0.414,0.868,12.1,0.182,4.6,3.8,0,1
Scottie Pippen,CHI,82,55,5,38.4,16.5,6.7,5.4,2.6,1.2,0.489,0.25,0.675,5.7,0.087,3.6,2.6,0,1
Dennis Rodman,DET,82,59,2,29,8.8,9.7,0.9,0.6,0.7,0.581,0.111,0.654,9.3,0.189,3.2,3.4,0,1
Hakeem Olajuwon,HOU,82,41,16,38.1,24.3,14,2.9,2.1,4.6,0.501,0.167,0.713,11.2,0.173,6.3,5.9,1,1
Magic Johnson,LAL,79,63,1,37.2,22.3,6.6,11.5,1.7,0.4,0.48,0.384,0.89,16.5,0.27,8.5,9.5,1,1
James Worthy,LAL,80,63,1,37,21.1,6,3.6,1.2,0.6,0.548,0.306,0.782,10.6,0.172,4.5,4,1,1
John Stockton,UTA,78,55,6,37.4,17.2,2.6,14.5,2.7,0.2,0.514,0.416,0.819,14.4,0.238,4.5,4.2,1,1
A.C. Green,LAL,82,63,1,33,12.9,8.7,1.1,0.8,0.6,0.478,0.283,0.751,7.7,0.137,1.6,0.4,0,1
David Robinson,SAS,82,56,4,36.6,24.3,12,2,1.7,3.9,0.531,0,0.732,15.1,0.241,6.4,6.5,1,1
Fat Lever,DEN,79,43,13,35.8,18.3,9.3,6.5,2.1,0.2,0.443,0.414,0.804,8.8,0.149,5.4,5.6,0,1
Tom Chambers,PHO,81,54,7,37.6,27.2,7,2.3,1.1,0.6,0.501,0.279,0.861,11.2,0.176,2.9,1.8,1,1
Rolando Blackman,DAL,80,47,10,36.7,19.4,3.5,3.6,1,0.3,0.498,0.302,0.844,6.8,0.111,1.9,0.5,0,1
Clyde Drexler,POR,73,59,3,36.8,23.3,6.9,5.9,2,0.7,0.494,0.283,0.774,11.6,0.208,6.6,7.9,1,1
Chris Mullin,GSW,78,37,19,36.3,25.1,5.9,4.1,1.6,0.6,0.536,0.372,0.889,10.2,0.174,4.9,4.8,1,1
Kevin Johnson,PHO,74,54,7,37.6,22.5,3.6,11.4,1.3,0.2,0.499,0.195,0.838,11.6,0.2,4,3.7,1,1
Karl Malone,UTA,82,55,6,38.1,31,11.1,2.8,1.5,0.6,0.562,0.372,0.762,15.9,0.245,6.7,6.6,1,1
Michael Jordan,CHI,82,61,2,37,31.5,6,5.5,2.7,1,0.539,0.312,0.851,20.3,0.321,9.8,10.8,1,1
Charles Barkley,PHI,67,44,12,37.3,27.6,10.1,4.2,1.6,0.5,0.57,0.284,0.722,13.4,0.258,7.4,9.9,1,1
Patrick Ewing,NYK,81,39,16,38.3,26.6,11.2,3,1,3.2,0.514,0,0.745,10,0.155,4.6,3.9,1,1
Bernard King,WSB,64,30,20,37.5,28.4,5,4.6,0.9,0.3,0.472,0.216,0.79,3.5,0.07,1.3,0.1,1,1
Joe Dumars,DET,80,50,9,38.1,20.4,2.3,5.5,1.1,0.1,0.481,0.311,0.89,9.9,0.155,2.9,1.8,1,1
Dominique Wilkins,ATL,81,43,13,38,25.9,9,3.3,1.5,0.8,0.47,0.341,0.829,11.4,0.177,5.2,4.7,1,1
Ricky Pierce,MIL,78,48,10,27.8,20.5,2.4,2.2,0.8,0.2,0.485,0.397,0.913,7.9,0.174,1,-0.2,0,1
Hersey Hawkins,PHI,80,44,12,38.9,22.1,3.9,3.7,2.2,0.5,0.472,0.4,0.871,9.8,0.151,4.3,3.5,0,1
Kevin McHale,BOS,68,56,4,30.4,18.4,7.1,1.9,0.4,2.1,0.553,0.405,0.829,7.9,0.182,2.3,2.5,0,1
Brad Daugherty,CLE,76,33,17,38.8,21.6,10.9,3.3,1,0.6,0.524,0,0.751,9,0.147,3.1,2.2,0,1
Alvin Robertson,MIL,81,48,10,32.1,13.6,5.7,5.5,3,0.2,0.485,0.365,0.757,7.7,0.142,5.3,6.1,0,1
Robert Parish,BOS,81,56,4,30.1,14.9,10.6,0.8,0.8,1.3,0.598,0,0.767,10,0.198,2.3,1.7,0,1
Karl Malone,UTA,82,54,7,40.3,29,11.8,3.3,1.1,1,0.527,0.286,0.77,15.5,0.225,6.5,5.8,1,1
Magic Johnson,LAL,79,58,3,37.1,19.4,7,12.5,1.3,0.2,0.477,0.32,0.906,15.4,0.251,7.6,8.3,1,1
Chris Mullin,GSW,82,44,11,40.4,25.7,5.4,4,2.1,0.8,0.536,0.301,0.884,12.2,0.176,5.4,4.5,1,1
Kevin Johnson,PHO,77,55,5,36,22.2,3.5,10.1,2.1,0.1,0.516,0.205,0.843,12.7,0.22,5.1,5.2,1,1
David Robinson,SAS,82,55,6,37.7,25.6,13,2.5,1.5,3.9,0.552,0.143,0.762,17,0.264,8.1,8.4,1,1
James Worthy,LAL,78,58,3,38.6,21.4,4.6,3.5,1.3,0.4,0.492,0.289,0.797,9,0.143,3.2,2.3,1,1
Clyde Drexler,POR,82,63,1,34.8,21.5,6.7,6,1.8,0.7,0.482,0.319,0.794,12.4,0.209,6.7,7.3,1,1
Kevin Duckworth,POR,81,63,1,31,15.8,6.6,1.1,0.4,0.4,0.481,0,0.772,4.3,0.082,-0.7,-3.2,0,1
Tom Chambers,PHO,76,55,5,32.6,19.9,6.4,2.6,0.9,0.7,0.437,0.274,0.826,5.4,0.105,0.6,-1.1,0,1
Terry Porter,POR,81,63,1,32.9,17,3.5,8,2,0.1,0.515,0.415,0.823,13,0.235,5.5,6.1,0,1
Tim Hardaway,GSW,82,44,11,39.2,22.9,4,9.7,2.6,0.1,0.476,0.385,0.803,9.9,0.148,4.9,4,0,1
John Stockton,UTA,82,54,7,37.8,17.2,2.9,14.2,2.9,0.2,0.507,0.345,0.836,14,0.217,5,4.4,1,1
Hakeem Olajuwon,HOU,56,52,8,36.8,21.2,13.8,2.3,2.2,3.9,0.508,0,0.769,8.6,0.201,4.3,6.3,1,0
Clyde Drexler,POR,76,57,3,36.2,25,6.6,6.7,1.8,0.9,0.47,0.337,0.794,12.8,0.223,7.2,8.4,1,1
Chris Mullin,GSW,81,55,4,41.3,25.6,5.6,3.5,2.1,0.8,0.524,0.366,0.833,10.8,0.155,4.6,3.5,1,1
Karl Malone,UTA,81,55,5,37.7,28,11.2,3,1.3,0.6,0.526,0.176,0.778,15.1,0.237,5.6,5.3,1,1
David Robinson,SAS,68,47,10,37.7,23.2,12.2,2.7,2.3,4.5,0.551,0.125,0.701,13.9,0.26,7.8,10,1,1
Jeff Hornacek,PHO,81,53,6,38,20.1,5,5.1,2,0.4,0.512,0.439,0.886,11.6,0.181,5.5,5.1,0,1
Tim Hardaway,GSW,81,55,4,41.1,23.4,3.8,10,2,0.2,0.461,0.338,0.766,9.2,0.132,3.9,2.6,1,1
Hakeem Olajuwon,HOU,70,42,14,37.7,21.6,12.1,2.2,1.8,4.3,0.502,0,0.766,9.8,0.178,4.7,5,0,1
John Stockton,UTA,82,55,5,36.6,15.8,3.3,13.7,3,0.3,0.482,0.407,0.842,13.4,0.215,5.3,5.1,1,1
James Worthy,LAL,54,43,13,39,19.9,5.6,4.7,1.4,0.4,0.447,0.209,0.814,3.1,0.07,1.5,0.7,0,1
Dan Majerle,PHO,82,53,6,34.8,17.3,5.9,3.3,1.6,0.5,0.478,0.382,0.756,9.8,0.165,4.4,4.1,0,1
Dikembe Mutombo,DEN,71,24,24,38.3,16.6,12.3,2.2,0.6,3,0.493,0,0.642,4.8,0.086,2.3,1.4,0,1
Otis Thorpe,HOU,82,42,14,37.3,17.3,10.5,3,0.6,0.5,0.592,0,0.657,8.9,0.14,3.5,2.5,0,1
Michael Jordan,CHI,80,67,1,38.8,30.1,6.4,6.1,2.3,0.9,0.519,0.27,0.832,17.7,0.274,8.3,8.6,1,1
Isiah Thomas,DET,78,48,9,37.4,18.5,3.2,7.2,1.5,0.2,0.446,0.291,0.772,5.8,0.095,2.1,0.8,0,1
Charles Barkley,PHI,75,35,19,38.4,23.1,11.1,4.1,1.8,0.6,0.552,0.234,0.695,12.3,0.205,6.9,7.4,1,1
Scottie Pippen,CHI,82,67,1,38.6,21,7.7,7,1.9,1.1,0.506,0.2,0.76,12.7,0.192,6.8,6.5,1,1
Patrick Ewing,NYK,82,51,8,38.4,24,11.2,1.9,1.1,3,0.522,0.167,0.738,13,0.198,4.8,4,1,1
Dennis Rodman,DET,82,48,9,40.3,9.8,18.7,2.3,0.8,0.9,0.539,0.317,0.6,12.6,0.183,5.8,4.9,1,1
Joe Dumars,DET,82,48,9,38.9,19.9,2.3,4.6,0.9,0.1,0.448,0.408,0.867,8.2,0.123,1.6,0,0,1
Reggie Lewis,BOS,82,51,7,37.4,20.8,4.8,2.3,1.5,1.3,0.503,0.238,0.851,9.1,0.143,3.4,2.4,0,1
Brad Daugherty,CLE,73,57,2,36.2,21.5,10.4,3.6,0.9,1.1,0.57,0,0.777,11.7,0.213,4.7,5,1,1
Mark Price,CLE,72,57,2,29.7,17.3,2.4,7.4,1.3,0.2,0.488,0.387,0.947,9.1,0.205,3.1,3.8,1,1
Michael Adams,WSB,78,25,23,35.8,18.1,4,7.6,1.9,0.1,0.393,0.324,0.869,5.3,0.09,2.6,1.7,0,1
Kevin Willis,ATL,81,38,18,36.6,18.3,15.5,2.1,0.9,0.7,0.483,0.162,0.804,8.8,0.143,2.2,1,1,1
Kevin Johnson,PHO,78,53,6,37.2,19.7,3.7,10.7,1.5,0.3,0.479,0.217,0.807,10,0.165,3.1,2.2,1,0
Karl Malone,UTA,82,47,10,37.8,27,11.2,3.8,1.5,1,0.552,0.2,0.74,15.4,0.238,7.6,7.6,1,1
Charles Barkley,PHO,76,62,1,37.6,25.6,12.2,5.1,1.6,1,0.52,0.305,0.765,14.4,0.242,7.5,8.3,1,1
John Stockton,UTA,82,47,10,34.9,15.1,2.9,12,2.4,0.3,0.486,0.385,0.798,10.6,0.177,3.8,3.3,1,1
David Robinson,SAS,82,49,8,39.2,23.4,11.7,3.7,1.5,3.2,0.501,0.176,0.732,13.2,0.197,7,6.7,1,1
Clyde Drexler,POR,49,51,7,34.1,19.9,6.3,5.7,1.9,0.8,0.429,0.233,0.839,6,0.171,3.4,6.1,0,1
Dan Majerle,PHO,82,62,1,39,16.9,4.7,3.8,1.7,0.4,0.464,0.381,0.778,9.8,0.147,4.9,4,0,1
Tim Hardaway,GSW,66,34,21,39.5,21.5,4,10.6,1.8,0.2,0.447,0.33,0.744,7.5,0.138,3.2,2.8,1,1
Hakeem Olajuwon,HOU,82,55,4,39.5,26.1,13,3.5,1.8,4.2,0.529,0,0.779,15.8,0.234,8.5,8.4,1,1
Terry Porter,POR,81,51,7,35.6,18.2,3.9,5.2,1.2,0.1,0.454,0.414,0.843,8.8,0.147,3.2,2.4,0,1
Danny Manning,LAC,79,41,15,34.9,22.8,6.6,2.6,1.4,1.3,0.509,0.267,0.802,7.9,0.137,2.9,2.1,0,1
Sean Elliott,SAS,70,49,8,37.2,17.2,4.6,3.8,1,0.4,0.491,0.356,0.795,6.1,0.113,2.3,1.6,0,1
Shawn Kemp,SEA,78,55,5,33.1,17.8,10.7,2,1.5,1.9,0.492,0,0.712,9.1,0.169,3.4,3.2,0,1
Michael Jordan,CHI,78,57,3,39.3,32.6,6.7,5.5,2.8,0.8,0.495,0.352,0.837,17.2,0.27,8.9,9.5,1,1
Isiah Thomas,DET,79,40,17,37,17.6,2.9,8.5,1.6,0.2,0.418,0.308,0.737,3.7,0.061,1.6,0.2,0,1
Scottie Pippen,CHI,81,57,3,38.6,18.6,7.7,6.3,2.1,0.9,0.473,0.237,0.663,8.6,0.132,5,4.3,1,1
Shaquille O'Neal,ORL,81,41,16,37.9,23.4,13.9,1.9,0.7,3.5,0.562,0,0.592,10.4,0.163,4.4,3.7,0,1
Larry Johnson,CHH,82,44,11,40.5,22.1,10.5,4.3,0.6,0.3,0.526,0.254,0.767,9.6,0.139,4.6,3.4,1,1
Patrick Ewing,NYK,81,60,2,37.1,24.2,12.1,1.9,0.9,2,0.503,0.143,0.719,10.6,0.17,3.2,2.2,1,1
Mark Price,CLE,75,54,6,31.7,18.2,2.7,8,1.2,0.1,0.484,0.416,0.948,9.8,0.197,3.1,3.2,1,1
Brad Daugherty,CLE,71,54,6,37.9,20.2,10.2,4.4,0.7,0.8,0.571,0.5,0.795,12.7,0.226,4.9,5.2,0,1
Dominique Wilkins,ATL,71,43,12,37.3,29.9,6.8,3.2,1,0.4,0.468,0.38,0.828,10.5,0.191,3.7,3.6,1,1
Joe Dumars,DET,77,40,17,40.2,23.5,1.9,4,1,0.1,0.466,0.375,0.864,9.1,0.141,2.6,1.4,1,1
Detlef Schrempf,IND,82,41,14,37.8,19.1,9.5,6,1,0.3,0.476,0.154,0.804,10.4,0.161,4.8,4.1,0,1
Larry Nance,CLE,77,54,6,35.8,16.5,8.7,2.9,0.7,2.6,0.549,0,0.818,10.7,0.187,4.4,4.4,0,1
Derrick Coleman,NJN,76,43,13,36.3,20.7,11.2,3.6,1.2,1.7,0.46,0.232,0.808,9.5,0.165,4.8,4.8,1,0
Drazen Petrovic,NJN,70,43,13,38,22.3,2.7,3.5,1.3,0.2,0.518,0.449,0.87,8.4,0.152,2.7,2,1,0
Scottie Pippen,CHI,72,55,6,38.3,22,8.7,5.6,2.9,0.8,0.491,0.32,0.66,11.2,0.194,7.2,8.3,1,1
Shaquille O'Neal,ORL,81,50,10,39.8,29.3,13.2,2.4,0.9,2.9,0.599,0,0.554,16.9,0.252,7.1,6.6,1,1
B.J. Armstrong,CHI,82,55,6,33.8,14.8,2.1,3.9,1,0.1,0.476,0.444,0.855,7.5,0.13,0.8,-0.9,0,1
Derrick Coleman,NJN,77,45,14,36.1,20.2,11.3,3.4,0.9,1.8,0.447,0.314,0.774,9.9,0.171,4.5,4.5,1,1
Kenny Anderson,NJN,82,45,14,38.2,18.8,3.9,9.6,1.9,0.2,0.417,0.303,0.818,7.5,0.114,3.2,2.1,0,1
Patrick Ewing,NYK,79,57,4,37.6,24.5,11.2,2.3,1.1,2.7,0.496,0.286,0.765,13.1,0.211,4.9,4.5,0,1
Mark Price,CLE,76,47,11,31.4,17.3,3,7.8,1.4,0.1,0.478,0.397,0.888,10,0.201,3.9,4.6,1,1
John Starks,NYK,59,57,4,34.9,19,3.1,5.9,1.6,0.1,0.42,0.335,0.754,5.8,0.135,2.4,2.7,0,1
Dominique Wilkins,ATL,74,57,3,35.6,26,6.5,2.3,1.2,0.4,0.44,0.288,0.847,8.4,0.153,1.9,0.9,1,1
Horace Grant,CHI,70,55,6,36.7,15.1,11,3.4,1.1,1.2,0.524,0,0.596,10,0.188,4.6,5.2,0,1
Mookie Blaylock,ATL,81,57,3,36,13.8,5.2,9.7,2.6,0.5,0.411,0.334,0.73,10.2,0.168,5.4,5.3,0,1
Charles Oakley,NYK,82,57,4,35.8,11.8,11.8,2.7,1.3,0.2,0.478,0,0.776,10.5,0.172,4.4,4,0,1
Hakeem Olajuwon,HOU,80,58,2,41,27.3,11.9,3.6,1.6,3.7,0.528,0.421,0.716,14.3,0.21,7.5,7,1,1
Mitch Richmond,SAC,78,28,20,37.1,23.4,3.7,4,1.3,0.2,0.445,0.407,0.834,6.4,0.106,2.3,1.2,1,1
Shawn Kemp,SEA,79,63,1,32.9,18.1,10.8,2.6,1.8,2.1,0.538,0.25,0.741,11.7,0.216,5.6,6.5,1,1
Karl Malone,UTA,82,53,8,40.6,25.2,11.5,4,1.5,1.5,0.497,0.25,0.694,13.4,0.193,6.9,6.3,1,1
Clyde Drexler,POR,68,47,13,34.3,19.2,6.5,4.9,1.4,0.5,0.428,0.324,0.777,6.8,0.14,3.5,3.9,0,1
John Stockton,UTA,82,53,8,36.2,15.1,3.1,12.6,2.4,0.3,0.528,0.322,0.805,13.2,0.214,4.8,4.4,1,1
David Robinson,SAS,80,55,7,40.5,29.8,10.7,4.8,1.7,3.3,0.507,0.345,0.749,20,0.296,10.6,10.9,1,1
Clifford Robinson,POR,82,47,13,34.8,20.1,6.7,1.9,1.4,1.4,0.457,0.245,0.765,7.5,0.126,1.9,0.6,0,1
Danny Manning,LAC,68,27,21,37.1,20.6,6.8,3.8,1.5,1.2,0.488,0.176,0.669,3.5,0.066,1.7,0.6,0,1
Gary Payton,SEA,82,63,1,35.1,16.5,3.3,6,2.3,0.2,0.504,0.278,0.595,9.3,0.155,3.5,2.8,1,1
Latrell Sprewell,GSW,82,50,9,43.1,21,4.9,4.7,2.2,0.9,0.433,0.361,0.774,8,0.108,3.6,2,1,1
Kevin Johnson,PHO,67,56,5,36.6,20,2.5,9.5,1.9,0.1,0.487,0.222,0.819,8.7,0.17,1.8,0.9,1,1
Charles Barkley,PHO,65,56,5,35.4,21.6,11.2,4.6,1.6,0.6,0.495,0.27,0.704,8.8,0.185,4.5,5.7,1,1
Hakeem Olajuwon,HOU,72,47,11,39.6,27.8,10.8,3.5,1.8,3.4,0.517,0.188,0.756,10.7,0.181,5.3,5.3,1,1
Charles Barkley,PHO,68,59,3,35,23,11.1,4.1,1.6,0.7,0.486,0.338,0.748,10.6,0.214,5.1,6.4,1,1
Shawn Kemp,SEA,82,57,5,32.7,18.7,10.9,1.8,1.2,1.5,0.547,0.286,0.749,10.6,0.19,3.5,3.1,1,1
Latrell Sprewell,GSW,69,26,23,40.2,20.6,3.7,4,1.6,0.7,0.418,0.276,0.781,2,0.034,0.7,-1.1,0,1
Dan Majerle,PHO,82,59,3,37.7,15.6,4.6,4.1,1.2,0.5,0.425,0.363,0.73,7.7,0.12,3.9,3,0,1
Gary Payton,SEA,82,57,5,36.8,20.6,3.4,7.1,2.5,0.2,0.509,0.302,0.716,11.7,0.187,5,4.5,1,1
Mitch Richmond,SAC,82,39,16,38.7,22.8,4.4,3.8,1.1,0.4,0.446,0.368,0.843,8,0.12,3,1.8,1,1
Dikembe Mutombo,DEN,82,41,15,37.8,11.5,12.5,1.4,0.5,3.9,0.556,0,0.654,8.7,0.135,4.3,3.5,0,1
Detlef Schrempf,SEA,82,57,5,35.2,19.2,6.2,3.8,1.1,0.4,0.523,0.514,0.839,12.9,0.215,4.7,4.5,1,1
Karl Malone,UTA,82,60,2,38.1,26.7,10.6,3.5,1.6,1,0.536,0.268,0.742,13.8,0.212,6.1,5.8,1,1
David Robinson,SAS,81,62,1,38,27.6,10.8,2.9,1.7,3.2,0.53,0.3,0.774,17.5,0.273,8.1,8.4,1,1
John Stockton,UTA,82,60,2,35,14.7,3.1,12.3,2.4,0.3,0.542,0.449,0.804,13.9,0.233,5.4,5.5,1,1
Anfernee Hardaway,ORL,77,57,4,37.7,20.9,4.4,7.2,1.7,0.3,0.512,0.349,0.769,10.7,0.177,4.5,4.2,1,1
Scottie Pippen,CHI,79,47,10,38.2,21.4,8.1,5.2,2.9,1.1,0.48,0.345,0.716,11.8,0.188,7.4,7.8,1,1
Shaquille O'Neal,ORL,79,57,4,37,29.3,11.4,2.7,0.9,2.4,0.583,0,0.533,14,0.23,5.4,5.4,1,1
Reggie Miller,IND,81,52,7,32.9,19.6,2.6,3,1.2,0.2,0.462,0.415,0.897,11.4,0.204,4.3,4.3,1,1
Grant Hill,DET,70,28,22,38.3,19.9,6.4,5,1.8,0.9,0.477,0.148,0.732,5.4,0.097,2.6,1.8,0,1
Patrick Ewing,NYK,79,55,6,37,23.9,11,2.7,0.9,2,0.503,0.286,0.75,9.6,0.157,3.1,2.2,0,1
Joe Dumars,DET,67,28,22,38,18.1,2.4,5.5,1.1,0.1,0.43,0.305,0.805,1.7,0.032,-0.4,-2.6,0,1
Larry Johnson,CHH,81,50,8,39.9,18.8,7.2,4.6,1,0.3,0.48,0.386,0.774,8.5,0.126,4,2.9,0,1
Alonzo Mourning,CHH,77,50,8,38.2,21.3,9.9,1.4,0.6,2.9,0.519,0.324,0.761,9.4,0.153,2.5,1.3,0,1
Dana Barros,PHI,82,24,24,40.5,20.6,3.3,7.5,1.8,0,0.49,0.464,0.899,12.7,0.183,5.3,4.3,0,1
Vin Baker,MIL,82,34,19,41,17.7,10.3,3.6,1,1.4,0.483,0.292,0.593,5.8,0.083,3.1,1.6,0,1
Tyrone Hill,CLE,70,43,13,34.2,13.8,10.9,0.8,0.8,0.6,0.504,0,0.662,6.9,0.138,0.5,-1.1,0,1
Clyde Drexler,HOU,76,47,11,35.9,21.8,6.3,4.8,1.8,0.6,0.461,0.36,0.824,11.7,0.206,5.9,6.5,1,0
Dennis Rodman,SAS,49,62,1,32,7.1,16.8,2,0.6,0.5,0.571,0,0.676,5.8,0.178,2.3,3.8,1,0
Anfernee Hardaway,ORL,82,60,3,36.8,21.7,4.3,7.1,2,0.5,0.513,0.314,0.767,14.4,0.229,6.4,6.4,1,1
Shaquille O'Neal,ORL,54,60,3,36,26.6,11,2.9,0.6,2.1,0.573,0.5,0.487,6.9,0.171,2.7,3.5,1,1
Grant Hill,DET,80,46,12,40.8,20.2,9.8,6.9,1.3,0.6,0.462,0.192,0.751,11.7,0.172,5.8,5.1,1,1
Scottie Pippen,CHI,77,72,1,36.7,19.4,6.4,5.9,1.7,0.7,0.463,0.374,0.679,12.3,0.209,6.3,6.8,1,1
Michael Jordan,CHI,82,72,1,37.7,30.4,6.6,4.3,2.2,0.5,0.495,0.427,0.834,20.4,0.317,8.3,8.6,1,1
Terrell Brandon,CLE,75,47,9,34.3,19.3,3.3,6.5,1.8,0.4,0.465,0.387,0.887,12.7,0.237,5.2,6,0,1
Reggie Miller,IND,76,52,7,34.5,21.1,2.8,3.3,1,0.2,0.473,0.41,0.863,10.3,0.188,3.9,3.9,1,1
Juwan Howard,WSB,81,39,18,40.7,22.1,8.1,4.4,0.8,0.5,0.489,0.308,0.749,5.6,0.082,1.8,0.2,1,1
Glen Rice,CHH,79,41,16,39.8,21.6,4.8,2.9,1.2,0.2,0.471,0.424,0.837,8.3,0.127,3,1.8,0,1
Vin Baker,MIL,82,25,26,40.5,21.1,9.9,2.6,0.8,1.1,0.489,0.208,0.67,6.2,0.089,2.1,0.4,0,1
Alonzo Mourning,MIA,70,42,14,38.2,23.2,10.4,2.3,1,2.7,0.523,0.3,0.685,9.9,0.178,4.3,4.4,0,1
Patrick Ewing,NYK,76,47,10,36.6,22.5,10.6,2.1,0.9,2.4,0.466,0.143,0.761,6.8,0.116,1.1,-0.4,0,1
Shawn Kemp,SEA,79,64,2,33.3,19.6,11.4,2.2,1.2,1.6,0.561,0.417,0.742,11.2,0.205,3.9,3.8,1,1
Jason Kidd,DAL,81,26,24,37.5,16.6,6.8,9.7,2.2,0.3,0.381,0.336,0.692,4.3,0.068,3.5,2.7,0,1
Clyde Drexler,HOU,52,48,8,38.4,19.3,7.2,5.8,2,0.5,0.433,0.332,0.784,6.7,0.161,3.4,4.7,0,1
Charles Barkley,PHO,71,41,15,37.1,23.2,11.6,3.7,1.6,0.8,0.5,0.28,0.777,10.5,0.191,5.2,5.9,1,1
Hakeem Olajuwon,HOU,72,48,8,38.8,26.9,10.9,3.6,1.6,2.9,0.514,0.214,0.724,9.7,0.166,4.7,4.6,1,1
Gary Payton,SEA,81,64,2,39,19.3,4.2,7.5,2.9,0.2,0.484,0.328,0.748,11.5,0.174,5.3,4.7,1,1
Mitch Richmond,SAC,81,39,17,36.4,23.1,3.3,3.1,1.5,0.2,0.447,0.437,0.866,9.3,0.151,3.6,2.9,1,1
David Robinson,SAS,82,59,4,36.8,25,12.2,3,1.4,3.3,0.516,0.333,0.761,18.3,0.29,8.5,9.2,1,1
Sean Elliott,SAS,77,59,4,37.7,20,5.1,2.7,0.9,0.4,0.466,0.411,0.771,7.7,0.128,2.9,2,0,1
Karl Malone,UTA,82,55,5,38,25.7,9.8,4.2,1.7,0.7,0.519,0.4,0.723,15.1,0.233,7.4,7.3,1,1
John Stockton,UTA,82,55,5,35.5,14.7,2.8,11.2,1.7,0.2,0.538,0.422,0.83,13,0.214,4.2,3.7,1,1
Dikembe Mutombo,DEN,74,35,20,36.7,11,11.8,1.5,0.5,4.5,0.499,0,0.695,7.6,0.134,3.6,3.2,0,1
Michael Jordan,CHI,82,69,1,37.9,29.6,5.9,4.3,1.7,0.5,0.486,0.374,0.833,18.3,0.283,6.8,6.7,1,1
Scottie Pippen,CHI,82,69,1,37.7,20.2,6.5,5.7,1.9,0.5,0.474,0.368,0.701,13.1,0.203,6.7,6.6,1,1
Anfernee Hardaway,ORL,59,45,12,37.6,20.5,4.5,5.6,1.6,0.6,0.447,0.318,0.82,8.1,0.175,3.8,4.7,1,1
Grant Hill,DET,80,54,10,39.3,21.4,9,7.3,1.8,0.6,0.496,0.303,0.711,14.6,0.223,7.9,8,1,1
Dikembe Mutombo,ATL,80,56,7,37.2,13.3,11.6,1.4,0.6,3.3,0.527,0,0.705,11.3,0.183,3.9,3.2,0,1
Glen Rice,CHH,79,54,9,42.6,26.8,4,2,0.9,0.3,0.477,0.47,0.867,10.8,0.154,2.7,1.2,1,1
Vin Baker,MIL,78,33,20,40.5,21,10.3,2.7,1,1.4,0.505,0.278,0.687,8.3,0.127,3.7,2.6,1,1
Christian Laettner,ATL,82,56,7,38.3,18.1,8.8,2.7,1.2,0.8,0.486,0.352,0.816,11.6,0.177,3.8,2.8,0,1
Terrell Brandon,CLE,78,42,14,36.8,19.5,3.9,6.3,1.8,0.4,0.438,0.373,0.902,10.8,0.181,4.8,4.6,0,1
Tim Hardaway,MIA,81,61,3,38.7,20.3,3.4,8.6,1.9,0.1,0.415,0.344,0.799,12.9,0.198,5.6,5.1,1,1
Chris Webber,WSB,72,44,13,39,20.1,10.3,4.6,1.7,1.9,0.518,0.397,0.565,9.3,0.159,6.1,6.6,0,1
Joe Dumars,DET,79,54,10,37,14.7,2.4,4,0.7,0,0.44,0.432,0.867,8.8,0.144,2.3,1.2,0,1
Gary Payton,SEA,82,57,6,39.2,21.8,4.6,7.1,2.4,0.2,0.476,0.313,0.715,12.9,0.193,6.2,5.6,1,1
John Stockton,UTA,82,64,2,35.3,14.4,2.8,10.5,2,0.2,0.548,0.422,0.846,13.6,0.226,4.3,3.9,1,1
Hakeem Olajuwon,HOU,78,57,4,36.6,23.2,9.2,3,1.5,2.2,0.51,0.313,0.787,9.1,0.154,3.7,3.2,1,1
Karl Malone,UTA,82,64,2,36.6,27.4,9.9,4.5,1.4,0.6,0.55,0,0.755,16.7,0.268,7.9,8.5,1,1
Shawn Kemp,SEA,81,57,6,34,18.7,10,1.9,1.5,1,0.51,0.364,0.742,10,0.174,2.8,2,0,1
Latrell Sprewell,GSW,80,30,21,41.9,24.2,4.6,6.3,1.7,0.6,0.449,0.354,0.843,8.1,0.115,3.9,2.6,0,1
Mitch Richmond,SAC,81,34,19,38.6,25.9,3.9,4.2,1.5,0.3,0.454,0.428,0.861,10.8,0.166,4.2,3.3,1,1
Detlef Schrempf,SEA,61,57,6,35.9,16.8,6.5,4.4,1,0.3,0.492,0.354,0.801,8,0.174,2.7,2.8,0,1
Tom Gugliotta,MIN,81,40,15,38.7,20.6,8.7,4.1,1.6,1.1,0.442,0.258,0.82,6.7,0.103,3.2,2,0,1
Kevin Garnett,MIN,77,40,15,38.9,17,8,3.1,1.4,2.1,0.499,0.286,0.754,7.3,0.116,3.7,2.9,0,1
Eddie Jones,LAL,80,56,8,37.5,17.2,4.1,3.4,2.4,0.6,0.438,0.391,0.819,9.6,0.154,4.5,4,0,1
Chris Gatling,DAL,47,24,24,27.3,19,7.9,0.6,0.8,0.7,0.525,0.167,0.717,3.9,0.145,-0.2,-2.6,0,1
Shaquille O'Neal,LAL,51,56,8,38.1,26.2,12.5,3.1,0.9,2.9,0.557,0,0.484,8,0.197,4,6.3,1,1
Patrick Ewing,NYK,78,57,5,37,22.4,10.7,2,0.9,2.4,0.488,0.222,0.754,9.8,0.163,2.7,1.7,1,1
Anthony Mason,CHH,73,54,9,43.1,16.2,11.4,5.7,1,0.5,0.525,0.333,0.745,11.4,0.173,5.2,4.5,1,0
Michael Jordan,CHI,82,62,1,38.8,28.7,5.8,3.5,1.7,0.5,0.465,0.238,0.784,15.8,0.238,5.3,4.6,1,1
Grant Hill,DET,81,37,19,40.7,21.1,7.7,6.8,1.8,0.7,0.452,0.143,0.74,10.2,0.149,5.6,4.8,1,1
Shawn Kemp,CLE,80,47,11,34.6,18,9.3,2.5,1.4,1.1,0.445,0.25,0.727,6.8,0.118,2.5,1.6,0,1
Dikembe Mutombo,ATL,82,50,10,35.6,13.4,11.4,1,0.4,3.4,0.537,0,0.67,10.8,0.177,3.3,2.5,1,1
Anfernee Hardaway,ORL,19,41,18,32.9,16.4,4,3.6,1.5,0.8,0.377,0.3,0.763,1.1,0.085,0.3,0.2,0,1
Rik Smits,IND,73,58,5,28.6,16.7,6.9,1.4,0.5,1.2,0.495,0,0.783,6.1,0.141,1.2,0.3,0,1
Reggie Miller,IND,81,58,5,34.5,19.5,2.9,2.1,1,0.1,0.477,0.429,0.868,12,0.206,4.4,4.3,1,1
Jayson Williams,NJN,65,43,14,36,12.9,13.6,1,0.7,0.8,0.498,0,0.666,8.4,0.172,2.4,2.1,0,1
Tim Hardaway,MIA,81,55,8,37.4,18.9,3.7,8.3,1.7,0.2,0.431,0.351,0.781,11.7,0.185,5.1,4.6,1,1
Glen Rice,CHH,82,51,9,40.2,22.3,4.3,2.2,0.9,0.3,0.457,0.433,0.849,9.3,0.136,2.3,0.7,1,1
Steve Smith,ATL,73,50,10,39.1,20.1,4.2,4,1,0.4,0.444,0.351,0.855,10.2,0.171,3.7,3.1,0,1
Antoine Walker,BOS,82,36,20,39.9,22.4,10.2,3.3,1.7,0.7,0.423,0.312,0.645,4.7,0.07,2.2,0.7,0,1
Gary Payton,SEA,82,61,4,38.4,19.2,4.6,8.3,2.3,0.2,0.453,0.338,0.744,12.5,0.19,5.6,5,1,1
Kobe Bryant,LAL,79,61,3,26,15.4,3.1,2.5,0.9,0.5,0.428,0.341,0.794,6.3,0.147,1.1,0.2,0,1
Kevin Garnett,MIN,82,45,13,39.3,18.5,9.6,4.2,1.7,1.8,0.491,0.188,0.738,9.6,0.143,5.5,4.8,0,1
Shaquille O'Neal,LAL,60,61,3,36.3,28.3,11.4,2.4,0.7,2.4,0.584,0,0.527,10.2,0.224,3.6,4.6,1,1
Karl Malone,UTA,81,62,2,37.4,27,10.3,3.9,1.2,0.9,0.53,0.333,0.761,16.4,0.259,6.9,7,1,1
Eddie Jones,LAL,80,61,3,36.4,16.9,3.8,3.1,2,0.7,0.484,0.389,0.765,10.1,0.166,4.6,4.3,0,1
David Robinson,SAS,73,56,7,33.7,21.6,10.6,2.7,0.9,2.6,0.511,0.25,0.735,13.8,0.269,6.1,7.8,1,1
Vin Baker,SEA,82,61,4,35.9,19.2,8,1.9,1.1,1,0.542,0.143,0.591,10.4,0.169,3,2,1,1
Nick Van Exel,LAL,64,61,3,32.1,13.8,3,6.9,1,0.1,0.419,0.389,0.791,7.1,0.166,1.8,1.4,0,1
Jason Kidd,PHO,82,56,6,38,11.6,6.2,9.1,2,0.3,0.416,0.313,0.799,8,0.123,4,3.1,0,1
Mitch Richmond,SAC,70,27,23,36.7,23.2,3.3,4,1.3,0.2,0.445,0.389,0.864,7.9,0.148,2.8,2.3,1,1
Tim Duncan,SAS,82,56,7,39.1,21.1,11.9,2.7,0.7,2.5,0.549,0,0.662,12.8,0.192,6,5.5,1,1
Rod Strickland,WAS,76,42,16,39.7,17.8,5.3,10.5,1.7,0.3,0.434,0.25,0.726,8.1,0.129,3.5,2.6,1,0
Scottie Pippen,CHI,44,62,1,37.5,19.1,5.2,5.8,1.8,1,0.447,0.318,0.777,6.6,0.193,3.2,5.8,1,0
Kevin Garnett,MIN,81,50,8,40,22.9,11.8,5,1.5,1.6,0.497,0.37,0.765,11.6,0.172,6.6,6.1,1,1
Jason Kidd,PHO,67,53,5,39,14.3,7.2,10.1,2,0.4,0.409,0.337,0.829,8.5,0.156,4.1,4.1,1,1
Tim Duncan,SAS,74,53,6,38.9,23.2,12.4,3.2,0.9,2.2,0.49,0.091,0.761,13,0.218,5.9,6.1,1,1
Kobe Bryant,LAL,66,67,1,38.2,22.5,6.3,4.9,1.6,0.9,0.468,0.319,0.821,10.6,0.202,4.7,5.3,1,1
Shaquille O'Neal,LAL,79,67,1,40,29.7,13.6,3.8,0.5,3,0.574,0,0.524,18.6,0.283,9.3,9.7,1,1
Rasheed Wallace,POR,81,59,2,35.1,16.4,7,1.8,1.1,1.3,0.519,0.16,0.704,9.3,0.156,2.9,2.1,0,1
Gary Payton,SEA,82,45,12,41.8,24.2,6.5,8.9,1.9,0.2,0.448,0.34,0.735,13.9,0.195,7.6,6.8,1,1
Chris Webber,SAC,75,44,14,38.4,24.5,10.5,4.6,1.6,1.7,0.483,0.284,0.751,10.7,0.179,5.7,5.9,1,1
John Stockton,UTA,82,55,4,29.7,12.1,2.6,8.6,1.7,0.2,0.501,0.355,0.86,11.2,0.222,3.5,3.7,0,1
Michael Finley,DAL,82,40,18,42.2,22.6,6.3,5.3,1.3,0.4,0.457,0.401,0.82,8.3,0.114,3.8,2.4,0,1
David Robinson,SAS,80,53,6,32,17.8,9.6,1.8,1.2,2.3,0.512,0,0.726,12.7,0.238,4.8,5.5,1,1
Karl Malone,UTA,82,55,4,35.9,25.5,9.5,3.7,1,0.9,0.509,0.25,0.797,15.3,0.249,6.6,6.9,1,1
Allen Iverson,PHI,70,49,11,40.8,28.4,3.8,4.7,2.1,0.1,0.421,0.341,0.713,6.9,0.116,3.3,2.6,1,1
Vince Carter,TOR,82,45,13,38.1,25.7,5.8,3.9,1.3,1.1,0.465,0.403,0.791,11.8,0.182,5.2,4.6,1,1
Alonzo Mourning,MIA,79,52,7,34.8,21.7,9.5,1.6,0.5,3.7,0.551,0,0.711,12.9,0.226,4.6,4.6,1,1
Eddie Jones,CHH,72,49,10,39,20.1,4.8,4.2,2.7,0.7,0.427,0.375,0.864,10.1,0.172,5.2,5.3,1,1
Grant Hill,DET,74,42,15,37.5,25.8,6.6,5.2,1.4,0.6,0.489,0.347,0.795,10.7,0.185,4.7,4.8,1,1
Reggie Miller,IND,81,56,3,36.9,18.1,3,2.3,1,0.3,0.448,0.408,0.919,10.1,0.162,4,3.3,0,1
Allan Houston,NYK,82,50,9,38.6,19.7,3.3,2.7,0.8,0.2,0.483,0.436,0.838,8.6,0.13,2.8,1.5,0,1
Ray Allen,MIL,82,42,16,37.4,22.1,4.4,3.8,1.3,0.2,0.455,0.423,0.887,10.1,0.157,3.9,3,0,1
Glenn Robinson,MIL,81,42,16,35.9,20.9,6,2.4,1,0.5,0.472,0.363,0.802,4.8,0.08,0.9,-0.8,0,1
Dikembe Mutombo,ATL,82,28,25,36.4,11.5,14.1,1.3,0.3,3.3,0.562,0,0.708,9.9,0.16,3.6,2.8,0,1
Jerry Stackhouse,DET,82,42,15,38.4,23.6,3.8,4.5,1.3,0.4,0.428,0.288,0.815,7.3,0.111,2,0.6,0,1
Dale Davis,IND,74,56,3,28.7,10,9.9,0.9,0.7,1.3,0.502,0,0.685,7.1,0.161,2,1.6,0,1
Stephon Marbury,NJN,74,31,23,38.9,22.2,3.2,8.4,1.5,0.2,0.432,0.283,0.813,7.4,0.123,2.8,1.8,1,0
Allen Iverson,PHI,71,56,3,42,31.1,3.8,4.6,2.5,0.3,0.42,0.32,0.814,11.8,0.19,5.1,4.8,1,1
Vince Carter,TOR,75,47,13,39.7,27.6,5.5,3.9,1.5,1.1,0.46,0.408,0.765,12.9,0.208,6.8,7,1,1
Tracy McGrady,ORL,77,43,17,40.1,26.8,7.5,4.6,1.5,1.5,0.457,0.355,0.733,12.2,0.189,5.9,5.6,1,1
Antonio Davis,TOR,78,47,13,35,13.7,10.1,1.4,0.3,1.9,0.433,0,0.754,7.2,0.127,1.3,-0.1,0,1
Anthony Mason,MIA,80,50,9,40.7,16.1,9.6,3.1,1,0.3,0.482,0,0.781,11.6,0.171,3.8,2.7,0,1
Dikembe Mutombo,ATL,75,25,25,34.5,10,13.5,1,0.4,2.7,0.484,0,0.725,8.1,0.151,2.2,1.4,1,1
Ray Allen,MIL,82,52,7,38.2,22,5.2,4.6,1.5,0.2,0.48,0.433,0.888,13.7,0.211,6,5.6,1,1
Stephon Marbury,NJN,67,26,24,38.2,23.9,3.1,7.6,1.2,0.1,0.441,0.328,0.79,7.8,0.147,3.7,3.7,0,1
Glenn Robinson,MIL,76,52,7,37,22,6.9,3.3,1.1,0.8,0.468,0.299,0.82,6.7,0.114,1.9,0.7,0,1
Latrell Sprewell,NYK,77,48,11,39.2,17.7,4.5,3.5,1.4,0.4,0.43,0.304,0.783,5.1,0.082,1.9,0.5,0,1
Jerry Stackhouse,DET,80,32,21,40.2,29.8,3.9,5.1,1.2,0.7,0.402,0.351,0.822,9.2,0.137,4.6,3.7,0,1
Allan Houston,NYK,78,48,11,36.6,18.7,3.6,2.2,0.7,0.1,0.449,0.381,0.909,7.5,0.126,1.6,0.3,0,1
Kobe Bryant,LAL,68,56,2,40.9,28.5,5.9,5,1.7,0.6,0.464,0.305,0.853,11.3,0.196,4.4,4.2,1,1
Jason Kidd,PHO,77,51,8,39.8,16.9,6.4,9.8,2.2,0.3,0.411,0.297,0.814,9.6,0.15,5.3,4.8,1,1
Chris Webber,SAC,70,55,4,40.5,27.1,11.1,4.2,1.3,1.7,0.481,0.071,0.703,11,0.186,4.9,4.9,1,1
Tim Duncan,SAS,82,58,1,38.7,22.2,12.2,3,0.9,2.3,0.499,0.259,0.618,13.2,0.2,5.9,5.4,1,1
Kevin Garnett,MIN,81,47,12,39.5,22,11.4,5,1.4,1.8,0.477,0.288,0.764,11.8,0.176,6.2,5.7,1,1
Rasheed Wallace,POR,77,50,10,38.2,19.2,7.8,2.8,1.2,1.8,0.501,0.321,0.766,11,0.18,4.5,4.1,0,1
Michael Finley,DAL,82,55,5,42,21.5,5.2,4.4,1.4,0.4,0.458,0.346,0.775,8.5,0.119,3.7,2.3,0,1
Gary Payton,SEA,79,44,16,41.1,23.1,4.6,8.1,1.6,0.3,0.456,0.375,0.766,10.8,0.16,5.1,4.3,1,1
Antonio McDyess,DEN,70,40,19,36.5,20.8,12.1,2.1,0.6,1.5,0.495,0,0.7,7.8,0.146,2,1.1,0,1
David Robinson,SAS,80,58,1,29.6,14.4,8.6,1.5,1,2.5,0.486,0,0.747,12.1,0.246,4.5,5.5,1,1
Vlade Divac,SAC,81,55,4,29.9,12,8.3,2.9,1.1,1.1,0.482,0.286,0.691,7.4,0.147,2.9,2.8,0,1
Karl Malone,UTA,81,53,6,35.7,23.2,8.3,4.5,1.1,0.8,0.498,0.4,0.793,13.1,0.217,5.8,5.9,1,1
Dirk Nowitzki,DAL,82,55,5,38.1,21.8,9.2,2.1,1,1.2,0.474,0.387,0.838,14.6,0.224,5.3,4.7,1,0
Shaquille O'Neal,LAL,74,56,2,39.5,28.7,12.7,3.7,0.6,2.8,0.572,0,0.513,14.9,0.245,6.8,7.3,1,1
Kobe Bryant,LAL,80,58,2,38.3,25.2,5.5,5.5,1.5,0.4,0.469,0.25,0.829,12.7,0.199,5,4.4,1,1
Tim Duncan,SAS,82,58,3,40.6,25.5,12.7,3.7,0.7,2.5,0.508,0.1,0.799,17.8,0.257,8.1,7.6,1,1
Kevin Garnett,MIN,81,50,7,39.2,21.2,12.1,5.2,1.2,1.6,0.47,0.319,0.801,12.8,0.194,7,6.7,1,1
Chris Webber,SAC,54,61,1,38.4,24.5,10.1,4.8,1.7,1.4,0.495,0.263,0.749,8.6,0.2,4.3,6.2,1,1
Steve Francis,HOU,57,28,25,41.1,21.6,7,6.4,1.2,0.4,0.417,0.324,0.773,4.4,0.091,2.9,2.9,0,1
Dirk Nowitzki,DAL,76,57,4,38,23.4,9.9,2.4,1.1,1,0.477,0.397,0.853,13.4,0.222,4.8,4.7,1,1
Steve Nash,DAL,82,57,4,34.6,17.9,3.1,7.7,0.6,0,0.483,0.455,0.887,9.9,0.167,3.1,2.3,1,1
Gary Payton,SEA,82,45,10,40.3,22.1,4.8,9,1.6,0.3,0.467,0.314,0.797,12.6,0.183,5.5,4.6,1,1
Elton Brand,LAC,80,39,18,37.8,18.2,11.6,2.4,1,2,0.527,0,0.742,13.6,0.216,6.2,6.2,0,1
Peja Stojakovic,SAC,71,61,1,37.3,21.2,5.3,2.5,1.1,0.2,0.484,0.416,0.876,9.9,0.179,3.2,2.7,0,1
Wally Szczerbiak,MIN,82,50,7,38,18.7,4.8,3.1,0.8,0.3,0.508,0.455,0.831,8.7,0.134,3.1,1.9,0,1
Allen Iverson,PHI,60,43,14,43.7,31.4,4.5,5.5,2.8,0.2,0.398,0.291,0.812,6.9,0.126,3.9,3.8,1,1
Michael Jordan,WAS,60,37,19,34.9,22.9,5.7,5.2,1.4,0.4,0.416,0.189,0.79,3.3,0.075,2.4,2.5,0,1
Dikembe Mutombo,PHI,80,43,14,36.3,11.5,10.8,1,0.4,2.4,0.501,0,0.764,9.6,0.158,2.5,1.3,1,1
Jason Kidd,NJN,82,52,5,37.3,14.7,7.3,9.9,2.1,0.2,0.391,0.321,0.814,8.9,0.14,5.4,5.1,1,1
Antoine Walker,BOS,81,49,8,42,22.1,8.8,5,1.5,0.5,0.394,0.344,0.741,6.7,0.094,4.3,3,0,1
Ray Allen,MIL,69,41,17,36.6,21.8,4.5,3.9,1.3,0.3,0.462,0.434,0.873,8.9,0.169,4,4.3,0,1
Tracy McGrady,ORL,76,44,12,38.3,25.6,7.9,5.3,1.6,1,0.451,0.364,0.748,11.5,0.189,5.9,6,1,1
Paul Pierce,BOS,82,49,8,40.3,26.1,6.9,3.2,1.9,1,0.442,0.404,0.809,12.9,0.187,5.7,4.9,1,1
Shareef Abdur-Rahim,ATL,77,33,22,38.7,21.2,9,3.1,1.3,1.1,0.461,0.3,0.801,7.2,0.116,3,2,0,1
Jermaine O'Neal,IND,72,42,15,37.6,19,10.5,1.6,0.6,2.3,0.479,0.071,0.688,6.4,0.113,1.5,0.2,1,1
Alonzo Mourning,MIA,75,36,20,32.7,15.7,8.4,1.2,0.4,2.5,0.516,0.333,0.657,7.4,0.145,1.9,1.1,0,1
Baron Davis,CHH,82,44,11,40.5,18.1,4.3,8.5,2.1,0.6,0.417,0.356,0.58,8.2,0.118,5.2,4.2,0,1
Ben Wallace,DET,80,50,6,36.5,7.6,13,1.4,1.7,3.5,0.531,0,0.423,11.6,0.19,5.9,5.9,1,0
Shaquille O'Neal,LAL,67,58,2,36.1,27.2,10.7,3,0.6,2,0.579,0,0.555,13.2,0.262,5.5,7,1,1
Kevin Garnett,MIN,82,51,4,40.5,23,13.4,6,1.4,1.6,0.502,0.282,0.751,15.6,0.225,9,8.7,1,1
Tim Duncan,SAS,81,60,2,39.3,23.3,12.9,3.9,0.7,2.9,0.513,0.273,0.71,16.5,0.248,7.6,7.4,1,1
Kobe Bryant,LAL,82,50,6,41.5,30,6.9,5.9,2.2,0.8,0.451,0.383,0.843,14.9,0.21,7.1,6.4,1,1
Steve Francis,HOU,81,43,15,41,21,6.2,6.2,1.7,0.5,0.435,0.354,0.8,11.1,0.16,5.8,4.9,0,1
Yao Ming,HOU,82,43,15,29,13.5,8.2,1.7,0.4,1.8,0.498,0.5,0.811,8.7,0.176,2.4,1.9,0,1
Shaquille O'Neal,LAL,67,50,6,37.8,27.5,11.1,3.1,0.6,2.4,0.574,0,0.622,13.2,0.25,5.3,6.3,1,1
Shawn Marion,PHO,81,44,14,41.6,21.2,9.5,2.4,2.3,1.2,0.452,0.387,0.851,13,0.186,6.4,5.5,0,1
Dirk Nowitzki,DAL,80,60,1,39,25.1,9.9,3,1.4,1,0.463,0.379,0.881,16.1,0.249,6.1,5.7,1,1
Steve Nash,DAL,82,60,1,33.1,17.7,2.9,7.3,1,0.1,0.465,0.413,0.909,11.6,0.206,3.7,3.3,1,1
Gary Payton,SEA,80,40,18,40.1,20.4,4.2,8.3,1.7,0.3,0.454,0.297,0.71,9.1,0.136,4.2,3.2,0,1
Stephon Marbury,PHO,81,44,14,40,22.3,3.2,8.1,1.3,0.2,0.439,0.301,0.803,9.6,0.142,3.6,2.4,1,1
Peja Stojakovic,SAC,72,59,3,34,19.2,5.5,2,1,0.1,0.481,0.382,0.875,10.1,0.199,3.1,3.1,0,1
Allen Iverson,PHI,82,48,10,42.5,27.6,4.2,5.5,2.7,0.2,0.414,0.277,0.774,9.2,0.127,4.2,2.8,1,1
Tracy McGrady,ORL,75,42,17,39.4,32.1,6.5,5.5,1.7,0.8,0.457,0.386,0.793,16.1,0.262,8.7,9.7,1,1
Michael Jordan,WAS,82,37,21,37,20,6.1,3.8,1.5,0.5,0.445,0.291,0.821,6.2,0.099,2.3,1,0,1
Jermaine O'Neal,IND,77,48,9,37.2,20.8,10.3,2,0.9,2.3,0.484,0.333,0.731,10.5,0.177,3.3,2.6,1,1
Ben Wallace,DET,73,50,5,39.4,6.9,15.4,1.6,1.4,3.2,0.481,0.167,0.45,10.6,0.176,5.1,5.1,1,1
Jason Kidd,NJN,80,49,8,37.4,18.7,6.3,8.9,2.2,0.3,0.414,0.341,0.841,11.3,0.182,6.7,6.9,1,1
Vince Carter,TOR,43,24,27,34.2,20.6,4.4,3.3,1.1,1,0.467,0.344,0.806,4.2,0.136,1.7,2.7,0,1
Paul Pierce,BOS,79,44,13,39.2,25.9,7.3,4.4,1.8,0.8,0.416,0.302,0.802,10.1,0.157,4.9,4.2,1,1
Brad Miller,IND,73,48,9,31.1,13.1,8.3,2.6,0.9,0.6,0.493,0.313,0.818,9.6,0.202,3.3,3.8,0,1
Jamal Mashburn,NOH,82,47,11,40.5,21.6,6.1,5.6,1,0.2,0.422,0.389,0.848,9,0.13,3.3,2,1,1
Antoine Walker,BOS,78,44,13,41.5,20.1,7.2,4.8,1.5,0.4,0.388,0.323,0.615,2.6,0.039,1.9,0.3,0,1
Zydrunas Ilgauskas,CLE,81,17,28,30,17.2,7.5,1.6,0.7,1.9,0.441,0,0.781,5,0.099,0.7,-0.9,0,1
Chris Webber,SAC,67,59,3,39.1,23,10.5,5.4,1.6,1.3,0.461,0.238,0.607,6.9,0.127,3.8,3.8,1,1
Kobe Bryant,LAL,65,56,4,37.6,24,5.5,5.1,1.7,0.4,0.438,0.327,0.852,10.7,0.21,4.7,5.7,1,1
Kevin Garnett,MIN,82,58,2,39.4,24.2,13.9,5,1.5,2.2,0.499,0.256,0.791,18.3,0.272,9.8,9.9,1,1
Tim Duncan,SAS,69,57,3,36.6,22.3,12.4,3.1,0.9,2.7,0.501,0.167,0.599,13.1,0.249,5.9,7.3,1,1
Steve Francis,HOU,79,45,10,40.4,16.6,5.5,6.2,1.8,0.4,0.403,0.292,0.775,7.1,0.107,3.6,2.5,0,1
Yao Ming,HOU,82,45,10,32.8,17.5,9,1.5,0.3,1.9,0.522,0,0.809,11.4,0.202,2.6,1.9,1,1
Ray Allen,SEA,56,37,19,38.4,23,5.1,4.8,1.3,0.2,0.44,0.392,0.904,6.9,0.153,3.3,4,0,1
Shaquille O'Neal,LAL,67,56,4,36.8,21.5,11.5,2.9,0.5,2.5,0.584,0,0.49,9.9,0.192,4.6,5.4,1,1
Sam Cassell,MIN,81,58,2,35,19.8,3.3,7.3,1.3,0.2,0.488,0.398,0.873,12.1,0.205,4.5,4.3,1,1
Peja Stojakovic,SAC,81,55,5,40.3,24.2,6.3,2.1,1.3,0.2,0.48,0.433,0.927,13.5,0.198,4.7,3.7,1,1
Dirk Nowitzki,DAL,77,52,7,37.9,21.8,8.7,2.7,1.2,1.4,0.462,0.341,0.877,11.5,0.19,4,3.4,1,1
Andrei Kirilenko,UTA,78,42,13,37.1,16.5,8.1,3.1,1.9,2.8,0.443,0.338,0.79,11.6,0.192,7.5,8.2,0,1
Brad Miller,SAC,72,55,5,36.4,14.1,10.3,4.3,0.9,1.2,0.51,0.316,0.778,10,0.184,4.2,4.3,0,1
Jermaine O'Neal,IND,78,61,1,35.7,20.1,10,2.1,0.8,2.6,0.434,0.111,0.757,9,0.155,2.7,1.8,1,1
Allen Iverson,PHI,48,33,22,42.5,26.4,3.7,6.8,2.4,0.1,0.387,0.286,0.745,2.8,0.066,2.3,2.5,0,1
Ben Wallace,DET,81,54,6,37.7,9.5,12.4,1.7,1.8,3,0.421,0.125,0.49,10.2,0.16,5.5,5.1,1,1
Tracy McGrady,ORL,67,21,29,39.9,28,6,5.5,1.4,0.6,0.417,0.339,0.796,8.4,0.151,5.3,5.8,1,1
Vince Carter,TOR,73,33,23,38.2,22.5,4.8,4.8,1.2,0.9,0.417,0.383,0.806,6,0.103,3.4,2.9,0,1
Kenyon Martin,NJN,65,47,9,34.6,16.7,9.5,2.5,1.5,1.3,0.488,0.28,0.684,6.7,0.142,2.2,1.9,0,1
Jason Kidd,NJN,67,47,9,36.6,15.5,6.4,9.2,1.8,0.2,0.384,0.321,0.827,7.2,0.141,4.1,4.5,1,1
Jamaal Magloire,NOH,82,41,15,33.9,13.6,10.3,1,0.5,1.2,0.473,0,0.751,7.6,0.131,0.3,-1.6,0,1
Metta World Peace,IND,73,61,1,37.2,18.3,5.3,3.7,2.1,0.7,0.421,0.31,0.733,8,0.141,4.2,4.2,1,1
Baron Davis,NOH,67,41,15,40.1,22.9,4.3,7.5,2.4,0.4,0.395,0.321,0.673,7.5,0.133,5.2,5.6,1,1
Michael Redd,MIL,82,41,14,36.8,21.7,5,2.3,1,0.1,0.44,0.35,0.868,9.7,0.154,3.2,2.2,1,1
Paul Pierce,BOS,80,36,20,38.7,23,6.5,5.1,1.6,0.7,0.402,0.299,0.819,7.1,0.109,3.2,2.1,0,1
Allen Iverson,PHI,75,43,16,42.3,30.7,4,7.9,2.4,0.1,0.424,0.308,0.835,9,0.136,5,4.3,1,1
LeBron James,CLE,80,42,18,42.4,27.2,7.4,7.2,2.2,0.7,0.472,0.351,0.75,14.3,0.203,8.8,8.3,1,1
Shaquille O'Neal,MIA,73,59,2,34.1,22.9,10.4,2.7,0.5,2.3,0.601,0,0.461,11,0.211,4.7,5.6,1,1
Vince Carter,NJN,77,42,17,36.7,24.5,5.2,4.2,1.4,0.6,0.452,0.406,0.798,9.4,0.159,5.2,5.3,0,1
Grant Hill,ORL,67,36,20,34.9,19.7,4.7,3.3,1.4,0.4,0.509,0.231,0.821,6.6,0.136,2.1,1.6,0,1
Dwyane Wade,MIA,77,59,2,38.6,24.1,5.2,6.8,1.6,1.1,0.478,0.289,0.762,11,0.177,4.8,4.4,1,1
Jermaine O'Neal,IND,44,44,14,34.8,24.3,8.8,1.9,0.6,2,0.452,0.167,0.754,3.8,0.118,0.5,-0.6,0,1
Zydrunas Ilgauskas,CLE,78,42,18,33.5,16.9,8.6,1.3,0.7,2.1,0.468,0.286,0.799,8.1,0.149,2,1,0,1
Paul Pierce,BOS,82,45,11,36.1,21.6,6.6,4.2,1.6,0.5,0.455,0.37,0.822,11.2,0.182,4.7,4.3,0,1
Gilbert Arenas,WAS,80,45,13,40.9,25.5,4.7,5.1,1.7,0.3,0.431,0.365,0.814,11.5,0.169,4.9,4,1,1
Ben Wallace,DET,74,54,5,36.1,9.7,12.2,1.7,1.4,2.4,0.453,0.111,0.428,8.5,0.153,3.9,3.8,1,1
Antawn Jamison,WAS,68,45,13,38.3,19.6,7.6,2.3,0.8,0.2,0.437,0.341,0.76,5.4,0.1,0.5,-1.2,0,1
Kobe Bryant,LAL,66,34,22,40.7,27.6,5.9,6,1.3,0.8,0.433,0.339,0.816,8.1,0.145,4.5,4.6,1,1
Tracy McGrady,HOU,78,51,7,40.8,25.7,6.2,5.7,1.7,0.7,0.431,0.326,0.774,12,0.18,7,6.8,1,1
Yao Ming,HOU,80,51,7,30.6,18.3,8.4,0.8,0.4,2,0.552,0,0.783,10.7,0.21,2.2,1.6,0,1
Tim Duncan,SAS,66,59,3,33.4,20.3,11.1,2.7,0.7,2.6,0.496,0.333,0.67,11.2,0.245,4.7,6.4,1,1
Kevin Garnett,MIN,82,44,15,38.1,22.2,13.5,5.7,1.5,1.4,0.502,0.24,0.811,16.1,0.248,9.3,9.7,1,1
Ray Allen,SEA,78,52,6,39.3,23.9,4.4,3.7,1.1,0.1,0.428,0.376,0.883,10.7,0.168,4.4,3.7,1,1
Manu Ginobili,SAS,74,59,3,29.6,16,4.4,3.9,1.6,0.4,0.471,0.376,0.803,11,0.24,5,7,0,1
Dirk Nowitzki,DAL,78,58,4,38.7,26.1,9.7,3.1,1.2,1.5,0.459,0.399,0.869,15.6,0.248,5.9,5.7,1,1
Amar'e Stoudemire,PHO,80,62,1,36.1,26,8.9,1.6,1,1.6,0.559,0.188,0.733,14.6,0.243,3.9,3.4,1,1
Steve Nash,PHO,75,62,1,34.3,15.5,3.3,11.5,1,0.1,0.502,0.431,0.887,10.9,0.203,2.4,1.7,1,1
Shawn Marion,PHO,81,62,1,38.8,19.4,11.3,1.9,2,1.5,0.476,0.334,0.833,12.5,0.191,5.5,4.9,1,1
Rashard Lewis,SEA,71,52,6,38,20.5,5.5,1.3,1.1,0.9,0.462,0.4,0.777,8.4,0.15,3.3,2.8,0,1
Dwyane Wade,MIA,75,52,5,38.6,27.2,5.7,6.7,1.9,0.8,0.495,0.171,0.783,14.4,0.239,7,7.5,1,1
LeBron James,CLE,79,50,6,42.5,31.4,7,6.6,1.6,0.8,0.48,0.335,0.738,16.3,0.232,9.5,9.3,1,1
Allen Iverson,PHI,72,38,19,43.1,33,3.2,7.4,1.9,0.1,0.447,0.323,0.814,10.6,0.165,4.3,3.5,1,1
Shaquille O'Neal,MIA,59,52,5,30.6,20,9.2,1.9,0.4,1.8,0.6,0,0.469,6.2,0.164,2.1,2.6,1,1
Vince Carter,NJN,79,49,8,36.8,24.2,5.8,4.3,1.2,0.7,0.43,0.341,0.799,9.3,0.153,4.7,4.4,0,1
Ben Wallace,DET,82,64,1,35.2,7.3,11.3,1.9,1.8,2.2,0.51,0,0.416,10.1,0.168,5.7,5.8,1,1
Rasheed Wallace,DET,80,64,1,34.8,15.1,6.8,2.3,1,1.6,0.43,0.357,0.743,8.9,0.154,3.9,3.5,0,1
Chris Bosh,TOR,70,27,26,39.3,22.5,9.2,2.6,0.7,1.1,0.505,0,0.816,9.8,0.17,3.1,2.5,0,1
Chauncey Billups,DET,81,64,1,36.1,18.5,3.1,8.6,0.9,0.1,0.418,0.433,0.894,15.5,0.254,4.9,4.7,1,1
Paul Pierce,BOS,79,33,24,39,26.8,6.7,4.7,1.4,0.4,0.471,0.354,0.772,11.5,0.178,4.9,4.3,0,1
Richard Hamilton,DET,80,64,1,35.3,20.1,3.2,3.4,0.7,0.2,0.491,0.458,0.845,7.6,0.13,1.5,0.2,0,1
Gilbert Arenas,WAS,80,42,13,42.3,29.3,3.5,6.1,2,0.3,0.447,0.369,0.82,13.6,0.193,6.4,5.5,1,1
Steve Nash,PHO,79,54,4,35.4,18.8,4.2,10.5,0.8,0.2,0.512,0.439,0.921,12.4,0.212,4,3.7,1,1
Tracy McGrady,HOU,47,34,23,37.1,24.4,6.5,4.8,1.3,0.9,0.406,0.312,0.747,4.1,0.112,3,4.8,0,1
Kobe Bryant,LAL,80,45,10,41,35.4,5.3,4.5,1.8,0.4,0.45,0.347,0.85,15.3,0.224,6.5,5.8,1,1
Tim Duncan,SAS,80,63,2,34.8,18.6,11,3.2,0.9,2,0.484,0.4,0.629,10.8,0.187,4.6,4.6,1,1
Yao Ming,HOU,57,34,23,34.2,22.3,10.2,1.5,0.5,1.6,0.519,0,0.853,8.6,0.211,2.2,2.4,1,1
Tony Parker,SAS,80,63,2,33.9,18.9,3.3,5.8,1,0.1,0.548,0.306,0.707,9.6,0.169,3.1,2.6,0,1
Ray Allen,SEA,78,35,21,38.7,25.1,4.3,3.7,1.3,0.2,0.454,0.412,0.903,9.5,0.15,4.2,3.6,0,1
Shawn Marion,PHO,81,54,4,40.3,21.8,11.8,1.8,2,1.7,0.525,0.331,0.809,14.6,0.214,5.9,5.3,1,1
Elton Brand,LAC,79,47,9,39.2,24.7,10,2.6,1,2.5,0.527,0.333,0.775,14.8,0.229,6.5,6.3,1,1
Kevin Garnett,MIN,76,33,25,38.9,21.8,12.7,4.1,1.4,1.4,0.526,0.267,0.81,14.9,0.242,7.4,7.9,0,1
Dirk Nowitzki,DAL,81,60,3,38.1,26.6,9,2.8,0.7,1,0.48,0.406,0.901,17.7,0.275,6,5.7,1,1
Pau Gasol,MEM,80,49,7,39.2,20.4,8.9,4.6,0.6,1.9,0.503,0.25,0.689,12,0.184,5.6,5.1,0,1
Carmelo Anthony,DEN,80,44,11,36.8,26.5,4.9,2.7,1.1,0.5,0.481,0.243,0.808,9.4,0.153,2.6,1.5,1,0
Kobe Bryant,LAL,77,42,13,40.8,31.6,5.7,5.4,1.4,0.5,0.463,0.344,0.868,13,0.199,5.3,4.7,1,1
Tracy McGrady,HOU,71,52,5,35.8,24.6,5.3,6.5,1.3,0.5,0.431,0.331,0.707,8.6,0.163,5.2,6.2,1,1
Dirk Nowitzki,DAL,78,67,1,36.2,24.6,8.9,3.4,0.7,0.8,0.502,0.416,0.904,16.3,0.278,6.2,6.7,1,1
Tim Duncan,SAS,80,58,3,34.1,20,10.6,3.4,0.8,2.4,0.546,0.111,0.637,13,0.23,6.3,7.1,1,1
Kevin Garnett,MIN,76,32,24,39.4,22.4,12.8,4.1,1.2,1.7,0.476,0.214,0.835,10.7,0.171,5.2,5,1,1
Carmelo Anthony,DEN,65,45,10,38.2,28.9,6,3.8,1.2,0.4,0.476,0.268,0.808,7.3,0.14,2.5,2,1,1
Tony Parker,SAS,77,58,3,32.5,18.6,3.2,5.5,1.1,0.1,0.52,0.395,0.783,9.6,0.185,3,2.7,0,1
Shawn Marion,PHO,80,61,2,37.6,17.5,9.8,1.7,2,1.5,0.524,0.317,0.81,12,0.191,5.7,5.5,0,1
Ray Allen,SEA,55,31,26,40.3,26.4,4.5,4.1,1.5,0.2,0.438,0.372,0.903,6.3,0.136,3,3.4,0,1
Amar'e Stoudemire,PHO,82,61,2,32.8,20.4,9.6,1,1,1.3,0.575,0,0.781,11.2,0.201,2.4,1.6,1,1
Josh Howard,DAL,70,67,1,35.1,18.9,6.8,1.8,1.2,0.8,0.459,0.385,0.827,8.8,0.173,3,2.8,0,1
Mehmet Okur,UTA,80,51,6,33.3,17.6,7.2,2,0.5,0.5,0.462,0.384,0.765,8.8,0.158,2.7,2,0,1
LeBron James,CLE,78,50,7,40.9,27.3,6.7,6,1.6,0.7,0.476,0.319,0.698,13.7,0.206,7.6,7.4,1,1
Dwyane Wade,MIA,51,44,11,37.9,27.4,4.7,7.5,2.1,1.2,0.491,0.266,0.807,8.8,0.219,5.1,8.4,1,1
Chris Bosh,TOR,69,47,9,38.5,22.6,10.7,2.5,0.6,1.3,0.496,0.343,0.785,9.6,0.174,3.1,2.6,1,1
Gilbert Arenas,WAS,74,41,15,39.8,28.4,4.6,6,1.9,0.2,0.418,0.351,0.844,10.8,0.177,5.2,5,1,1
Shaquille O'Neal,MIA,40,44,11,28.4,17.3,7.4,2,0.2,1.4,0.591,0,0.422,2.8,0.119,0.8,0.9,0,1
Jermaine O'Neal,IND,69,35,19,35.6,19.4,9.6,2.4,0.7,2.6,0.436,0,0.767,4.7,0.091,1.5,0.4,0,1
Dwight Howard,ORL,82,40,16,36.9,17.6,12.3,1.9,0.9,1.9,0.603,0.5,0.586,9.7,0.154,4.3,3.6,1,1
Joe Johnson,ATL,57,30,27,41.4,25,4.2,4.4,1.1,0.2,0.471,0.381,0.748,5.1,0.105,2.1,1.6,0,1
Chauncey Billups,DET,70,53,4,36.2,17,3.4,7.2,1.2,0.2,0.427,0.345,0.883,11.4,0.216,4.1,4.4,1,1
Vince Carter,NJN,82,41,14,38.1,25.2,6,4.8,1,0.4,0.454,0.357,0.802,10.5,0.161,4.8,4.1,0,1
Caron Butler,WAS,63,41,15,39.3,19.1,7.4,3.7,2.1,0.3,0.463,0.25,0.863,5.3,0.103,2.5,1.9,0,1
Richard Hamilton,DET,75,53,4,36.8,19.8,3.8,3.8,0.8,0.2,0.468,0.341,0.861,8.1,0.141,2.2,1.1,0,1
Steve Nash,PHO,76,61,2,35.3,18.6,3.5,11.6,0.8,0.1,0.532,0.455,0.899,12.6,0.225,3.9,3.8,1,1
Yao Ming,HOU,48,52,5,33.8,25,9.4,2,0.4,2,0.516,0,0.862,7.4,0.22,1.8,2.3,1,1
Dwight Howard,ORL,82,52,9,37.7,20.7,14.2,1.3,0.9,2.1,0.599,0,0.59,12.9,0.2,3.3,2.2,1,1
LeBron James,CLE,75,45,13,40.4,30,7.9,7.2,1.8,1.1,0.484,0.315,0.712,15.2,0.242,10.1,11.2,1,1
Jason Kidd,NJN,80,34,21,36.3,10.8,7.5,10.1,1.7,0.3,0.385,0.381,0.818,5.9,0.097,3.5,2.8,0,1
Dwyane Wade,MIA,51,15,30,38.3,24.6,4.2,6.9,1.7,0.7,0.469,0.286,0.758,3.3,0.082,2.5,3,0,1
Chris Bosh,TOR,67,41,15,36.2,22.3,8.7,2.6,0.9,1,0.494,0.4,0.844,10.1,0.2,3.5,3.7,0,1
Ray Allen,BOS,73,66,1,35.9,17.4,3.7,3.1,0.9,0.2,0.445,0.398,0.907,9.7,0.177,3.4,3.1,0,1
Chauncey Billups,DET,78,59,2,32.3,17,2.7,6.8,1.3,0.2,0.448,0.401,0.918,13.5,0.257,5.2,6.1,0,1
Richard Hamilton,DET,72,59,2,33.7,17.3,3.3,4.2,1,0.1,0.484,0.44,0.833,7.7,0.152,2.8,2.5,0,1
Rasheed Wallace,DET,77,59,2,30.5,12.7,6.6,1.8,1.2,1.7,0.432,0.356,0.767,7.6,0.155,3.6,4,0,1
Joe Johnson,ATL,82,37,19,40.8,21.7,4.5,5.8,1,0.2,0.432,0.381,0.834,7,0.1,2.7,1.1,0,1
Paul Pierce,BOS,80,66,1,35.9,19.6,5.1,4.5,1.3,0.5,0.464,0.392,0.843,12.4,0.207,4.9,4.7,1,1
Antawn Jamison,WAS,79,43,14,38.7,21.4,10.2,1.5,1.3,0.4,0.436,0.339,0.76,9.2,0.144,1.8,0.3,0,1
Tim Duncan,SAS,78,56,5,34,19.3,11.3,2.8,0.7,1.9,0.497,0,0.73,11.1,0.201,4.5,4.7,1,1
Carmelo Anthony,DEN,77,50,11,36.4,25.7,7.4,3.4,1.3,0.5,0.492,0.354,0.786,8.2,0.14,2.6,1.6,0,1
Allen Iverson,DEN,82,50,11,41.8,26.4,3,7.1,2,0.1,0.458,0.345,0.809,11.6,0.163,3.1,1.6,0,1
Yao Ming,HOU,55,55,6,37.2,22,10.8,2.3,0.5,2,0.507,0,0.85,8.3,0.196,2.6,2.9,1,1
Kobe Bryant,LAL,82,57,3,38.9,28.3,6.3,5.4,1.8,0.5,0.459,0.361,0.84,13.8,0.208,6,5.4,1,1
Brandon Roy,POR,74,41,16,37.7,19.1,4.7,5.8,1.1,0.2,0.454,0.34,0.753,8,0.138,3.9,3.5,0,1
Chris Paul,NOH,80,56,4,37.6,21.1,4,11.6,2.7,0.1,0.488,0.369,0.851,17.8,0.284,8.5,9.2,1,1
Dirk Nowitzki,DAL,77,51,10,36,23.6,8.6,3.5,0.7,0.9,0.479,0.359,0.879,12.9,0.223,5,5.2,1,1
Amar'e Stoudemire,PHO,79,55,7,33.9,25.2,9.1,1.5,0.8,2.1,0.59,0.161,0.805,14.6,0.262,4,3.9,1,1
Steve Nash,PHO,81,55,7,34.3,16.9,3.5,11.1,0.7,0.1,0.504,0.47,0.906,10.5,0.181,2.6,1.6,1,1
Carlos Boozer,UTA,81,54,8,34.9,21.1,10.4,2.9,1.2,0.5,0.547,0,0.738,10.2,0.173,3.7,3.2,1,1
David West,NOH,76,56,4,37.8,20.6,8.9,2.3,0.8,1.3,0.482,0.24,0.85,8.4,0.14,2.3,1.1,0,1
Tracy McGrady,HOU,66,55,6,37,21.6,5.1,5.9,1,0.5,0.419,0.292,0.684,5.8,0.115,2.7,2.4,1,0
Manu Ginobili,SAS,74,56,5,31.1,19.5,4.8,4.5,1.5,0.4,0.46,0.401,0.86,11.1,0.232,5.9,8.1,1,0
Deron Williams,UTA,82,54,8,37.3,18.8,3,10.5,1.1,0.3,0.507,0.395,0.803,11.3,0.177,3.2,2.1,1,0
Kevin Garnett,BOS,71,66,1,32.8,18.8,9.2,3.4,1.4,1.3,0.539,0,0.801,12.9,0.265,5.5,7.4,1,1
Kobe Bryant,LAL,82,65,2,36.1,26.8,5.2,4.9,1.5,0.5,0.467,0.351,0.856,12.7,0.206,4.9,4.5,1,1
Chris Paul,NOH,78,49,10,38.5,22.8,5.5,11,2.8,0.1,0.503,0.364,0.868,18.3,0.292,10,11.2,1,1
Amar'e Stoudemire,PHO,53,46,13,36.8,21.4,8.1,2,0.9,1.1,0.539,0.429,0.835,6.1,0.149,1.5,1,0,1
Tim Duncan,SAS,75,54,7,33.7,19.3,10.7,3.5,0.5,1.7,0.504,0,0.692,10.1,0.191,4.2,4.6,1,1
Yao Ming,HOU,77,53,8,33.6,19.7,9.9,1.8,0.4,1.9,0.548,1,0.866,10.6,0.196,3.3,3,1,1
Brandon Roy,POR,78,54,6,37.2,22.6,4.7,5.1,1.1,0.3,0.48,0.377,0.824,13.5,0.223,5.7,5.8,1,1
Tony Parker,SAS,72,54,7,34.1,22,3.1,6.9,0.9,0.1,0.506,0.292,0.782,8.6,0.168,3.2,3.1,1,1
Chauncey Billups,DEN,79,54,5,35.3,17.7,3,6.4,1.2,0.2,0.418,0.408,0.913,10.1,0.174,3.2,2.5,1,1
Pau Gasol,LAL,81,65,2,37,18.9,9.6,3.5,0.6,1,0.567,0.5,0.781,13.9,0.223,5.3,5,1,1
David West,NOH,76,49,10,39.2,21,8.5,2.3,0.6,0.9,0.472,0.24,0.884,7.8,0.125,1.2,-0.5,0,1
Dirk Nowitzki,DAL,81,50,9,37.7,25.9,8.4,2.4,0.8,0.8,0.479,0.359,0.89,10.9,0.171,2.4,1.2,1,1
Shaquille O'Neal,PHO,75,46,13,30,17.8,8.4,1.7,0.7,1.4,0.609,0,0.595,7.8,0.166,2.3,2,1,1
Dwight Howard,ORL,79,59,4,35.7,20.6,13.8,1.4,1,2.9,0.572,0,0.594,13.8,0.234,4.6,4.4,1,1
LeBron James,CLE,81,66,1,37.7,28.4,7.6,7.2,1.7,1.1,0.489,0.344,0.78,20.3,0.318,11.6,13,1,1
Dwyane Wade,MIA,79,43,14,38.6,30.2,5,7.5,2.2,1.3,0.491,0.317,0.765,14.7,0.232,9.7,10.7,1,1
Kevin Garnett,BOS,57,62,3,31.1,15.8,8.5,2.5,1.1,1.2,0.531,0.25,0.841,7.1,0.193,2.7,4,0,1
Allen Iverson,DET,57,39,17,36.7,17.5,3,5,1.5,0.1,0.417,0.283,0.781,2.9,0.066,0.7,-0.7,0,1
Joe Johnson,ATL,79,47,12,39.5,21.4,4.4,5.8,1.1,0.2,0.437,0.36,0.826,7.6,0.116,3,1.7,0,1
Rashard Lewis,ORL,79,59,4,36.2,17.7,5.7,2.6,1,0.6,0.439,0.397,0.836,9.5,0.16,4.5,4.2,0,1
Paul Pierce,BOS,81,62,3,37.5,20.5,5.6,3.6,1,0.3,0.457,0.391,0.83,10.3,0.164,3.4,2.5,1,1
Ray Allen,BOS,79,62,3,36.4,18.2,3.5,2.8,0.9,0.2,0.48,0.409,0.952,11.1,0.186,4.3,3.9,0,1
Devin Harris,NJN,69,34,21,36.1,21.3,3.3,6.9,1.7,0.2,0.438,0.291,0.82,7.5,0.145,2.8,2.5,0,1
Mo Williams,CLE,81,66,1,35,17.8,3.4,4.1,0.9,0.1,0.467,0.436,0.912,9.8,0.165,3.1,2.3,0,1
Danny Granger,IND,67,36,18,36.2,25.8,5.1,2.7,1,1.4,0.447,0.404,0.878,8,0.158,3,2.9,0,1
Carmelo Anthony,DEN,66,54,5,34.5,22.8,6.8,3.4,1.1,0.4,0.443,0.371,0.793,5,0.105,1.3,0.3,1,0
LeBron James,CLE,76,61,1,39,29.7,7.3,8.6,1.6,1,0.503,0.333,0.767,18.5,0.299,10.9,12.5,1,1
Dwyane Wade,MIA,77,47,13,36.3,26.6,4.8,6.5,1.8,1.1,0.476,0.3,0.761,13,0.224,8,9.4,1,1
Dwight Howard,ORL,82,59,2,34.7,18.3,13.2,1.8,0.9,2.8,0.612,0,0.592,13.2,0.223,5.4,5.5,1,1
Joe Johnson,ATL,76,53,6,38,21.3,4.6,4.9,1.1,0.1,0.458,0.369,0.818,8.4,0.14,3,2.2,1,1
Kevin Garnett,BOS,69,50,9,29.9,14.3,7.3,2.7,1,0.8,0.521,0.2,0.837,7.3,0.171,2.4,2.6,0,1
Chris Bosh,TOR,70,40,19,36.1,24,10.8,2.4,0.6,1,0.518,0.364,0.797,9.6,0.182,2.7,2.3,0,1
Rajon Rondo,BOS,81,50,9,36.6,13.7,4.4,9.8,2.3,0.1,0.508,0.213,0.621,9.6,0.156,4.1,3.5,0,1
Gerald Wallace,CHA,76,44,15,41,18.2,10,2.1,1.5,1.1,0.484,0.371,0.776,11.5,0.177,4.3,3.5,0,1
Derrick Rose,CHI,78,41,17,36.8,20.8,3.8,6,0.7,0.3,0.489,0.267,0.766,6,0.1,1.8,0.5,0,1
Al Horford,ATL,81,53,6,35.1,14.2,9.9,2.3,0.7,1.1,0.551,1,0.789,10.9,0.183,3.8,3.3,0,1
David Lee,NYK,81,29,23,37.3,20.2,11.7,3.6,1,0.5,0.545,0,0.812,10.3,0.163,3.7,2.9,0,1
Paul Pierce,BOS,71,50,9,34,18.3,4.4,3.1,1.2,0.4,0.472,0.414,0.852,8.3,0.165,2.9,2.7,0,1
Carmelo Anthony,DEN,69,53,7,38.2,28.2,6.6,3.2,1.3,0.4,0.458,0.316,0.83,7.9,0.145,2.3,1.4,1,1
Dirk Nowitzki,DAL,81,55,4,37.5,25,7.7,2.7,0.9,1,0.481,0.421,0.915,12.3,0.194,3.5,2.6,1,1
Steve Nash,PHO,81,54,5,32.8,16.5,3.3,11,0.5,0.1,0.507,0.426,0.938,9.9,0.178,2.6,1.8,1,1
Amar'e Stoudemire,PHO,82,54,5,34.6,23.1,8.9,1,0.6,1,0.557,0.167,0.771,10.7,0.181,1.6,0.3,1,1
Tim Duncan,SAS,78,50,12,31.3,17.9,10.1,3.2,0.6,1.5,0.518,0.182,0.725,10.9,0.215,4.7,5.6,1,1
Deron Williams,UTA,76,53,8,36.9,18.7,4,10.5,1.3,0.2,0.469,0.371,0.801,10.3,0.177,3.7,3.3,1,1
Chauncey Billups,DEN,73,53,7,34.1,19.5,3.1,5.6,1.1,0.1,0.418,0.386,0.91,9.5,0.182,3.2,3.1,0,1
Pau Gasol,LAL,65,57,3,37,18.3,11.3,3.4,0.6,1.7,0.536,0,0.79,11,0.22,4.5,5.4,1,1
Kevin Durant,OKC,82,50,10,39.5,30.1,7.6,2.8,1.4,1,0.476,0.365,0.9,16.1,0.238,5.8,5.1,1,1
Zach Randolph,MEM,81,40,18,37.7,20.8,11.7,1.8,1,0.4,0.488,0.288,0.778,9.7,0.153,2.2,0.9,0,1
Chris Kaman,LAC,76,29,22,34.3,18.5,9.3,1.6,0.5,1.2,0.49,0,0.749,2.4,0.044,-0.8,-3.2,0,1
Jason Kidd,DAL,80,55,4,36,10.3,5.6,9.1,1.8,0.4,0.423,0.425,0.808,8.9,0.148,4.6,4.3,0,1
Brandon Roy,POR,65,50,11,37.2,21.5,4.4,4.7,0.9,0.2,0.473,0.33,0.78,9.1,0.18,3.7,4.1,1,1
Andrew Bogut,MIL,69,46,14,32.3,15.9,10.2,1.8,0.6,2.5,0.52,0,0.629,7.5,0.161,3,3.4,1,0
Kobe Bryant,LAL,73,57,3,38.8,27,5.4,5,1.5,0.3,0.456,0.329,0.811,9.4,0.16,4,3.6,1,1
Kevin Durant,OKC,78,55,7,38.9,27.7,6.8,2.7,1.1,1,0.462,0.35,0.88,12,0.189,3.7,2.9,1,1
Kobe Bryant,LAL,82,57,5,33.9,25.3,5.1,4.7,1.2,0.1,0.451,0.323,0.828,10.3,0.178,4.1,3.8,1,1
Chris Paul,NOH,80,46,12,36,15.9,4.1,9.8,2.4,0.1,0.463,0.388,0.878,13.9,0.232,6.1,6.4,1,1
Carmelo Anthony,DEN,77,50,9,35.7,25.6,7.3,2.9,0.9,0.6,0.455,0.378,0.838,7.9,0.138,1.8,0.5,0,1
Tim Duncan,SAS,76,61,2,28.4,13.4,8.9,2.7,0.7,1.9,0.5,0,0.716,7.7,0.171,3.2,3.8,0,1
Pau Gasol,LAL,82,57,5,37,18.8,10.2,3.3,0.6,1.6,0.529,0.333,0.823,14.7,0.232,5.6,5.3,1,1
Manu Ginobili,SAS,80,61,2,30.3,17.4,3.7,4.9,1.5,0.4,0.433,0.349,0.871,9.9,0.195,4.5,5.3,1,1
Deron Williams,UTA,65,39,18,37.9,20.1,4,10.3,1.2,0.2,0.439,0.331,0.845,7.3,0.142,3,2.8,0,1
Blake Griffin,LAC,82,32,23,38,22.5,12.1,3.8,0.8,0.5,0.506,0.292,0.642,9.8,0.152,4,3.2,0,1
Dirk Nowitzki,DAL,73,57,4,34.3,23,7,2.6,0.5,0.6,0.517,0.393,0.892,11.1,0.213,3.7,3.8,1,1
Russell Westbrook,OKC,82,55,7,34.7,21.9,4.6,8.2,1.9,0.4,0.442,0.33,0.842,9.4,0.159,5,5,1,1
Kevin Love,MIN,73,17,30,35.8,20.2,15.2,2.5,0.6,0.4,0.47,0.417,0.85,11.4,0.21,3.8,3.7,0,1
LeBron James,MIA,79,58,3,38.8,26.7,7.5,7,1.6,0.6,0.51,0.33,0.759,15.6,0.244,8.2,8.6,1,1
Derrick Rose,CHI,81,62,1,37.4,25,4.1,7.7,1,0.6,0.445,0.332,0.858,13.1,0.208,6,5.9,1,1
Amar'e Stoudemire,NYK,78,42,15,36.8,25.3,8.2,2.6,0.9,1.9,0.502,0.435,0.792,8,0.134,1.9,0.7,1,1
Dwight Howard,ORL,78,42,8,37.6,22.9,14.1,1.4,1.4,2.4,0.593,0,0.596,14.4,0.235,5,4.8,1,1
Dwyane Wade,MIA,76,58,3,37.1,25.5,6.4,4.6,1.5,1.1,0.5,0.306,0.758,12.8,0.218,5.7,5.9,1,1
Chris Bosh,MIA,77,58,3,36.3,18.7,8.3,1.9,0.8,0.6,0.496,0.24,0.815,10.3,0.177,1.7,0.4,0,1
Rajon Rondo,BOS,68,55,6,37.2,10.6,4.4,11.2,2.3,0.2,0.475,0.233,0.568,6.6,0.126,2.5,2,0,1
Joe Johnson,ATL,72,44,13,35.5,18.2,4,4.7,0.7,0.1,0.443,0.297,0.802,4.2,0.08,1.2,-0.2,0,1
Ray Allen,BOS,80,55,6,36.1,16.5,3.4,2.7,1,0.2,0.491,0.444,0.881,10,0.166,4.1,3.6,0,1
Paul Pierce,BOS,80,55,6,34.7,18.9,5.4,3.3,1,0.6,0.497,0.374,0.86,11.6,0.201,4.7,4.7,0,1
Al Horford,ATL,77,44,13,35.1,15.3,9.3,3.5,0.8,1,0.557,0.5,0.798,10.1,0.179,4.4,4.4,1,1
Kevin Garnett,BOS,71,55,6,31.3,14.9,8.9,2.4,1.3,0.8,0.528,0.2,0.862,9,0.194,3.4,4,0,1
Zach Randolph,MEM,75,46,11,36.3,20.1,12.2,2.2,0.8,0.3,0.503,0.186,0.758,10.5,0.185,3.1,2.5,1,0
LaMarcus Aldridge,POR,81,48,10,39.6,21.8,8.8,2.1,1,1.2,0.5,0.174,0.791,11.1,0.166,3.5,2.4,1,0
Kevin Durant,OKC,82,58.39393939,3,38.6,28,8,3.5,1.3,1.2,0.496,0.387,0.86,15.15757576,0.23,5.715151515,5.2,1,1
Kobe Bryant,LAL,72.06060606,50.93939394,6,38.5,27.9,5.4,4.6,1.2,0.3,0.43,0.303,0.845,7.703030303,0.132,2.981818182,2.3,1,1
Blake Griffin,LAC,82,49.6969697,9,36.2,20.7,10.9,3.2,0.8,0.7,0.549,0.125,0.521,11.43030303,0.185,4.596969697,4.1,1,1
Chris Paul,LAC,74.54545455,49.6969697,9,36.4,19.8,3.6,9.1,2.5,0.1,0.478,0.371,0.861,15.77878788,0.278,6.709090909,7.9,1,1
Andrew Bynum,LAL,74.54545455,50.93939394,6,35.2,18.7,11.8,1.4,0.5,1.9,0.558,0.2,0.692,9.939393939,0.183,2.484848485,1.8,1,1
Russell Westbrook,OKC,82,58.39393939,3,35.3,23.6,4.6,5.5,1.7,0.3,0.457,0.316,0.823,9.815151515,0.163,3.727272727,3.2,1,1
Kevin Love,MIN,68.33333333,32.3030303,21,39,26,13.3,2,0.9,0.5,0.448,0.372,0.824,12.42424242,0.223,4.348484848,4.5,1,1
Dirk Nowitzki,DAL,77.03030303,44.72727273,13,33.5,21.6,6.7,2.2,0.7,0.5,0.457,0.368,0.896,9.442424242,0.175,2.484848485,1.8,1,1
Marc Gasol,MEM,80.75757576,50.93939394,7,36.5,14.6,8.9,3.1,1,1.9,0.482,0.083,0.748,10.18787879,0.166,4.348484848,3.9,0,1
Tony Parker,SAS,74.54545455,62.12121212,2,32.1,18.3,2.9,7.7,1,0.1,0.48,0.23,0.799,8.821212121,0.177,2.236363636,1.7,1,1
LaMarcus Aldridge,POR,68.33333333,34.78787879,20,36.3,21.7,8,2.4,0.9,0.8,0.512,0.182,0.814,8.696969697,0.169,2.733333333,2.4,0,1
Steve Nash,PHO,77.03030303,41,18,31.6,12.5,3,10.7,0.6,0.1,0.532,0.39,0.894,7.33030303,0.144,0.86969697,-0.5,0,1
Dwyane Wade,MIA,60.87878788,57.15151515,4,33.2,22.1,4.8,4.6,1.7,1.3,0.497,0.268,0.791,9.566666667,0.227,4.224242424,6.3,1,1
LeBron James,MIA,77.03030303,57.15151515,4,37.5,27.1,7.9,6.2,1.9,0.8,0.531,0.362,0.771,18.01515152,0.298,9.442424242,11,1,1
Dwight Howard,ORL,67.09090909,45.96969697,12,38.3,20.6,14.5,1.9,1.5,2.1,0.573,0,0.491,9.566666667,0.179,3.727272727,3.8,1,1
Carmelo Anthony,NYK,68.33333333,44.72727273,14,34.1,22.6,6.3,3.6,1.1,0.4,0.43,0.335,0.804,7.703030303,0.16,2.857575758,2.9,1,1
Derrick Rose,CHI,48.45454545,62.12121212,1,35.3,21.8,3.4,7.9,0.9,0.7,0.435,0.312,0.812,7.454545455,0.211,2.981818182,4.9,0,1
Chris Bosh,MIA,70.81818182,57.15151515,4,35.2,18,7.9,1.8,0.9,0.8,0.487,0.286,0.821,8.572727273,0.165,1.242424242,0,0,1
Deron Williams,NJN,68.33333333,27.33333333,25,36.3,21,3.3,8.7,1.2,0.4,0.407,0.336,0.843,5.093939394,0.099,2.609090909,2.1,0,1
Rajon Rondo,BOS,65.84848485,48.45454545,10,36.9,11.9,4.8,11.7,1.8,0.1,0.448,0.238,0.597,6.087878788,0.121,1.987878788,1.3,1,1
Andre Iguodala,PHI,77.03030303,43.48484848,16,35.6,12.4,6.1,5.5,1.7,0.5,0.454,0.394,0.617,9.06969697,0.158,4.472727273,4.4,0,1
Paul Pierce,BOS,75.78787879,48.45454545,10,34,19.4,5.2,4.5,1.1,0.4,0.443,0.366,0.852,8.696969697,0.161,4.224242424,4.4,0,1
Roy Hibbert,IND,80.75757576,52.18181818,5,29.8,12.8,8.8,1.7,0.5,2,0.497,0,0.711,7.703030303,0.154,2.981818182,3,0,1
Luol Deng,CHI,67.09090909,62.12121212,1,39.4,15.3,6.5,2.9,1,0.7,0.412,0.367,0.77,7.206060606,0.132,2.733333333,2.1,0,1
Tyson Chandler,NYK,77.03030303,44.72727273,14,33.2,11.3,9.9,0.9,0.9,1.4,0.679,0,0.689,11.8030303,0.22,3.975757576,4.1,1,0
Kevin Durant,OKC,81,60,2,38.5,28.1,7.9,4.6,1.4,1.3,0.51,0.416,0.905,18.9,0.291,7.6,7.7,1,1
Kobe Bryant,LAL,78,45,13,38.6,27.3,5.6,6,1.4,0.3,0.463,0.324,0.839,10.9,0.174,5.1,4.7,1,1
Blake Griffin,LAC,80,56,5,32.5,18,8.3,3.7,1.2,0.6,0.538,0.179,0.66,10.6,0.196,4.5,4.8,1,1
Chris Paul,LAC,70,56,5,33.4,16.9,3.7,9.7,2.4,0.1,0.481,0.328,0.885,13.9,0.287,5.6,7.5,1,1
Dwight Howard,LAL,76,45,13,35.8,17.1,12.4,1.4,1.1,2.4,0.578,0.167,0.492,7.6,0.134,2.3,1.3,1,1
James Harden,HOU,78,45,12,38.3,25.9,4.9,5.8,1.8,0.5,0.438,0.368,0.851,12.8,0.206,5.7,5.5,1,1
Tony Parker,SAS,66,58,3,32.9,20.3,3,7.6,0.8,0.1,0.522,0.353,0.845,9.3,0.206,2.6,2.7,1,1
Russell Westbrook,OKC,82,60,2,34.9,23.2,5.2,7.4,1.8,0.3,0.438,0.323,0.8,11.6,0.195,5.1,5,1,1
David Lee,GSW,79,47,10,36.8,18.5,11.2,3.5,0.8,0.3,0.519,0,0.797,9.1,0.15,3.3,2.5,1,1
Zach Randolph,MEM,76,56,6,34.3,15.4,11.2,1.4,0.8,0.4,0.46,0.087,0.75,7.9,0.145,1.4,0.2,0,1
LaMarcus Aldridge,POR,74,33,21,37.7,21.1,9.1,2.6,0.8,1.2,0.484,0.143,0.81,7.2,0.124,2,0.8,0,1
Tim Duncan,SAS,69,58,3,30.1,17.8,9.9,2.7,0.7,2.7,0.502,0.286,0.817,8.3,0.191,3.2,4.1,1,1
Carmelo Anthony,NYK,67,54,7,37,28.7,6.9,2.6,0.8,0.5,0.449,0.379,0.83,9.5,0.184,2.8,2.4,1,1
LeBron James,MIA,76,66,1,37.9,26.8,8,7.3,1.7,0.9,0.565,0.406,0.753,19.3,0.322,9.8,11.6,1,1
Dwyane Wade,MIA,69,66,1,34.7,21.2,5,5.1,1.9,0.8,0.521,0.258,0.725,9.6,0.192,3.5,3.9,1,1
Chris Bosh,MIA,74,66,1,33.2,16.6,6.8,1.7,0.9,1.4,0.535,0.284,0.798,9,0.175,2,1.2,0,1
Kevin Garnett,BOS,68,41,16,29.7,14.8,7.8,2.3,1.1,0.9,0.496,0.125,0.786,5.6,0.133,1.5,1,0,1
Kyrie Irving,CLE,59,24,28,34.7,22.5,3.7,5.9,1.5,0.4,0.452,0.391,0.855,5.3,0.125,2.8,3.3,0,1
Paul George,IND,79,49,9,37.6,17.4,7.6,4.1,1.8,0.6,0.419,0.362,0.807,9,0.145,5,4.7,1,1
Luol Deng,CHI,75,45,11,38.7,16.5,6.3,3,1.1,0.4,0.426,0.322,0.816,6.3,0.105,2.2,1.1,0,1
Tyson Chandler,NYK,66,54,7,32.8,10.4,10.7,0.9,0.6,1.1,0.638,0,0.694,9.3,0.207,3,3.5,0,1
Joakim Noah,CHI,66,45,11,36.8,11.9,11.1,4,1.2,2.1,0.481,0,0.751,7.3,0.145,4.4,5.2,0,1
Jrue Holiday,PHI,78,34,19,37.5,17.7,4.2,8,1.6,0.4,0.431,0.368,0.752,3.3,0.055,1.9,0.6,0,1
Brook Lopez,BRK,74,49,8,30.4,19.4,6.9,0.9,0.4,2.1,0.521,0,0.758,9,0.191,1.9,1.4,0,1
Marc Gasol,MEM,80,56,6,35,14.1,7.8,4,1,1.7,0.494,0.071,0.848,11.5,0.197,5.7,6.1,1,0
Kyrie Irving,CLE,71,33,22,35.2,20.8,3.6,6.1,1.5,0.3,0.43,0.358,0.861,6.7,0.128,3.3,3.2,0,1
LeBron James,MIA,77,54,6,37.7,27.1,6.9,6.3,1.6,0.3,0.567,0.379,0.75,15.9,0.264,8,8.9,1,1
Paul George,IND,80,56,4,36.2,21.7,6.8,3.5,1.9,0.3,0.424,0.364,0.864,10.8,0.178,4.9,4.7,1,1
Carmelo Anthony,NYK,77,37,19,38.7,27.4,8.1,3.1,1.2,0.7,0.452,0.402,0.848,10.7,0.172,4.2,3.6,0,1
Dwyane Wade,MIA,54,54,6,32.9,19,4.5,4.7,1.5,0.5,0.545,0.281,0.733,5.5,0.149,1.9,2.3,0,1
Joakim Noah,CHI,80,48,11,35.3,12.6,11.3,5.4,1.2,1.5,0.475,0,0.737,11.2,0.19,6.1,6.6,1,1
John Wall,WAS,82,44,15,36.3,19.3,4.1,8.8,1.8,0.5,0.433,0.351,0.805,7.9,0.128,3.4,2.6,0,1
DeMar DeRozan,TOR,79,48,12,38.2,22.7,4.3,4,1.1,0.4,0.429,0.305,0.824,8.8,0.141,2,0.7,0,1
Paul Millsap,ATL,74,38,18,33.5,17.9,8.5,3.1,1.7,1.1,0.461,0.358,0.731,6.7,0.129,3.2,3.1,0,1
Roy Hibbert,IND,81,56,4,29.7,10.8,6.6,1.1,0.4,2.2,0.439,0.4,0.77,5.4,0.108,1.1,-0.2,0,1
Chris Bosh,MIA,79,54,6,32,16.2,6.6,1.1,1,1,0.516,0.339,0.82,8,0.152,1.6,0.5,0,1
Joe Johnson,BRK,79,44,14,32.6,15.8,3.4,2.7,0.6,0.1,0.454,0.401,0.815,4.9,0.091,1.2,-0.1,0,1
Kevin Durant,OKC,81,59,2,38.5,32,7.4,5.5,1.3,0.7,0.503,0.391,0.873,19.2,0.295,8.5,8.8,1,1
Kevin Love,MIN,77,40,17,36.3,26.1,12.5,4.4,0.8,0.5,0.457,0.376,0.821,14.3,0.245,7.3,8.4,1,1
Blake Griffin,LAC,80,57,3,35.8,24.1,9.5,3.9,1.2,0.6,0.528,0.273,0.715,12.2,0.205,4.8,4.6,1,1
Stephen Curry,GSW,78,51,8,36.5,24,4.3,8.5,1.6,0.2,0.471,0.424,0.885,13.4,0.225,6.7,7.4,1,1
James Harden,HOU,73,54,5,38,25.4,4.7,6.1,1.6,0.4,0.456,0.366,0.866,12.8,0.221,5.4,5.7,1,1
Chris Paul,LAC,62,57,3,35,19.1,4.3,10.7,2.5,0.1,0.467,0.368,0.855,12.2,0.27,5.2,7.4,1,1
Dwight Howard,HOU,71,54,5,33.7,18.3,12.2,1.8,0.8,1.8,0.591,0.286,0.547,8,0.161,2.4,1.9,1,1
LaMarcus Aldridge,POR,69,54,7,36.2,23.2,11.1,2.6,0.9,1,0.458,0.2,0.822,7.5,0.144,1.5,0.3,1,1
Tony Parker,SAS,68,62,1,29.4,16.7,2.3,5.7,0.5,0.1,0.499,0.373,0.811,5.9,0.141,0.8,-0.5,1,1
Anthony Davis,NOP,67,34,21,35.2,20.8,10,1.6,1.3,2.8,0.519,0.222,0.791,10.4,0.212,3.9,4.5,0,1
Damian Lillard,POR,82,54,7,35.8,20.7,3.5,5.6,0.8,0.3,0.424,0.394,0.871,9.6,0.157,3.5,2.7,1,1
Dirk Nowitzki,DAL,80,49,10,32.9,21.7,6.2,2.7,0.9,0.6,0.497,0.398,0.899,10.9,0.199,3.5,3.3,0,1
Goran Dragic,PHO,76,48,13,35.1,20.3,3.2,5.9,1.4,0.3,0.505,0.408,0.76,10.3,0.186,4,3.9,1,0
Al Jefferson,CHA,73,43,16,35,21.8,10.8,2.1,0.9,1.1,0.509,0.2,0.69,7.8,0.146,2.5,1.8,1,0
James Harden,HOU,81,56,3,36.8,27.4,5.7,7,1.9,0.7,0.44,0.375,0.868,16.4,0.265,7.8,8.4,1,1
Stephen Curry,GSW,80,67,1,32.7,23.8,4.3,7.7,2,0.2,0.487,0.443,0.914,15.7,0.288,7.9,9.9,1,1
Marc Gasol,MEM,81,55,5,33.2,17.4,7.8,3.8,0.9,1.6,0.494,0.176,0.795,10.2,0.182,4.6,4.8,1,1
Klay Thompson,GSW,77,67,1,31.9,21.7,3.2,2.9,1.1,0.8,0.463,0.439,0.879,8.8,0.172,2.9,2.7,1,1
LaMarcus Aldridge,POR,71,51,8,35.4,23.4,10.2,1.7,0.7,1,0.466,0.352,0.845,8.6,0.165,1.4,0.3,1,1
Chris Paul,LAC,82,56,4,34.8,19.1,4.6,10.2,1.9,0.2,0.485,0.398,0.9,16.1,0.27,6.9,7.5,1,1
Russell Westbrook,OKC,67,45,14,34.4,28.1,7.3,8.6,2.1,0.2,0.426,0.299,0.835,10.6,0.222,7.6,11,1,1
DeMarcus Cousins,SAC,59,29,25,34.1,24.1,12.7,3.6,1.5,1.7,0.467,0.25,0.782,6,0.144,3.4,4.7,1,1
Damian Lillard,POR,82,51,8,35.7,21,4.6,6.2,1.2,0.3,0.434,0.343,0.864,10.6,0.174,5.2,5.1,0,1
Tim Duncan,SAS,77,55,6,28.9,13.9,9.1,3,0.8,2,0.512,0.286,0.74,9.6,0.207,4.2,5.5,1,1
Dirk Nowitzki,DAL,77,50,10,29.6,17.3,5.9,1.9,0.5,0.4,0.459,0.38,0.882,7.2,0.152,1.5,0.7,0,1
Kevin Durant,OKC,27,45,14,33.8,25.4,6.6,4.1,0.9,0.9,0.51,0.403,0.854,4.8,0.252,1.9,6.1,0,1
LeBron James,CLE,69,53,7,36.1,25.3,6,7.4,1.6,0.7,0.488,0.354,0.71,10.4,0.199,5.9,7.4,1,1
Carmelo Anthony,NYK,40,17,29,35.7,24.2,6.6,3.1,1,0.4,0.444,0.341,0.797,2.9,0.097,1.2,1.4,0,1
John Wall,WAS,79,46,12,35.9,17.6,4.6,10,1.7,0.6,0.445,0.3,0.785,7.8,0.132,3.9,3.5,0,1
Pau Gasol,CHI,78,50,9,34.4,18.5,11.8,2.7,0.3,1.9,0.494,0.462,0.803,10.4,0.187,3.2,2.8,1,1
Kyle Lowry,TOR,70,49,11,34.5,17.8,4.7,6.8,1.6,0.2,0.412,0.338,0.808,7.1,0.141,3.4,3.6,0,1
Kyrie Irving,CLE,75,53,7,36.4,21.7,3.2,5.2,1.5,0.3,0.468,0.415,0.863,10.4,0.183,3.7,3.3,1,1
Kyle Korver,ATL,75,60,2,32.2,12.1,4.1,2.6,0.7,0.6,0.487,0.492,0.898,7.5,0.148,3.3,3.3,0,1
Paul Millsap,ATL,73,60,2,32.7,16.7,7.8,3.1,1.8,0.9,0.476,0.356,0.757,8.3,0.166,3.7,4.2,0,1
Al Horford,ATL,76,60,2,30.5,15.2,7.2,3.2,0.9,1.3,0.538,0.306,0.759,8.7,0.179,3.4,3.8,0,1
Jeff Teague,ATL,73,60,2,30.5,15.9,2.5,7,1.7,0.4,0.46,0.343,0.862,7.7,0.166,2.1,1.8,0,1
Chris Bosh,MIA,44,37,21,35.4,21.1,7,2.2,0.9,0.6,0.46,0.375,0.772,3.6,0.111,0.8,-0.1,0,1
Jimmy Butler,CHI,65,50,9,38.7,20,5.8,3.3,1.8,0.6,0.462,0.378,0.834,11.2,0.214,4.2,4.7,0,1
DeAndre Jordan,LAC,82,56,4,34.4,11.5,15,0.7,1,2.2,0.71,0.25,0.397,12.8,0.217,4.3,4.1,1,0
Anthony Davis,NOP,68,45,13,36.1,24.4,10.2,2.2,1.5,2.9,0.535,0.083,0.805,14,0.274,5.7,7.1,1,1
Blake Griffin,LAC,67,56,4,35.2,21.9,7.6,5.3,0.9,0.5,0.502,0.4,0.728,9,0.183,3.6,4.1,1,1
Stephen Curry,GSW,79,73,1,34.2,30.1,5.4,6.7,2.1,0.2,0.504,0.454,0.908,17.9,0.318,9.8,12.5,1,1
Kobe Bryant,LAL,66,17,29,28.2,17.6,3.7,2.8,0.9,0.2,0.358,0.285,0.826,-0.4,-0.01,-0.2,-2.5,0,1
Kawhi Leonard,SAS,72,67,2,33.1,21.2,6.8,2.6,1.8,1,0.506,0.443,0.874,13.7,0.277,6.2,8.3,1,1
Kevin Durant,OKC,72,55,5,35.8,28.2,8.2,5,1,1.2,0.505,0.387,0.898,14.5,0.27,6.4,7.9,1,1
Russell Westbrook,OKC,80,55,5,34.4,23.5,7.8,10.4,2,0.3,0.454,0.296,0.812,14,0.245,8.3,10,1,1
James Harden,HOU,82,41,17,38.1,29,6.1,7.5,1.7,0.6,0.439,0.359,0.86,13.3,0.204,6.9,6.7,0,1
Klay Thompson,GSW,80,73,1,33.3,22.1,3.8,2.1,0.8,0.6,0.47,0.425,0.873,8,0.144,1.8,0.7,1,1
Chris Paul,LAC,74,53,6,32.7,19.5,4.2,10,2.1,0.2,0.462,0.371,0.896,12.7,0.253,6,7.8,1,1
Anthony Davis,NOP,61,30,25,35.5,24.3,10.3,1.9,1.3,2,0.493,0.324,0.758,7.2,0.16,2.3,2.2,0,1
LaMarcus Aldridge,SAS,74,67,2,30.6,18,8.5,1.5,0.5,1.1,0.513,0,0.858,10.1,0.215,2.2,1.8,1,1
Draymond Green,GSW,81,73,1,34.7,14,9.5,7.4,1.5,1.4,0.49,0.388,0.696,11.1,0.19,5.5,5.8,1,1
DeMarcus Cousins,SAC,65,33,23,34.6,26.9,11.5,3.3,1.6,1.4,0.451,0.333,0.718,5.7,0.122,2.6,2.6,1,1
Kyle Lowry,TOR,77,56,4,37,21.2,4.7,6.4,2.1,0.4,0.427,0.388,0.811,11.6,0.196,6.3,6.8,1,1
Paul George,IND,81,45,11,34.8,23.1,7,4.1,1.9,0.4,0.418,0.371,0.86,9.2,0.157,4.6,4.5,1,1
Carmelo Anthony,NYK,72,32,24,35.1,21.8,7.7,4.2,0.9,0.5,0.434,0.339,0.829,6.4,0.121,2.9,2.6,0,1
Dwyane Wade,MIA,74,48,10,30.5,19,4.1,4.6,1.1,0.6,0.456,0.159,0.793,4.9,0.105,1.6,0.8,0,1
LeBron James,CLE,76,57,3,35.6,25.3,7.4,6.8,1.4,0.6,0.52,0.309,0.731,13.6,0.242,7.6,9.1,1,1
John Wall,WAS,77,41,18,36.2,19.9,4.9,10.2,1.9,0.8,0.424,0.351,0.791,5.7,0.098,3.7,3.2,0,1
Paul Millsap,ATL,81,48,7,32.7,17.1,9,3.3,1.8,1.7,0.47,0.319,0.757,10.1,0.183,4.9,5.3,0,1
Isaiah Thomas,BOS,82,48,8,32.2,22.2,3,6.2,1.1,0.1,0.428,0.359,0.871,9.7,0.177,3.3,3,0,1
DeMar DeRozan,TOR,78,56,4,35.9,23.5,4.5,4,1,0.3,0.446,0.338,0.85,9.9,0.169,2.4,1.4,0,1
Andre Drummond,DET,81,44,12,32.9,16.2,14.8,0.8,1.5,1.4,0.521,0.333,0.355,7.4,0.133,1,-0.5,1,1
Pau Gasol,CHI,72,42,16,31.8,16.5,11,4.1,0.6,2,0.469,0.348,0.792,7.1,0.149,3.5,4,0,1
Al Horford,ATL,82,48,7,32.1,15.2,7.3,3.2,0.8,1.5,0.505,0.344,0.798,9.4,0.172,4.1,4.1,0,1
DeAndre Jordan,LAC,77,53,6,33.7,12.7,13.8,1.2,0.7,2.3,0.703,0,0.43,11.5,0.213,3.5,3.4,1,0
Damian Lillard,POR,75,44,13,35.7,25.1,4,6.8,0.9,0.4,0.419,0.375,0.892,9.2,0.165,3.8,3.7,1,0
Anthony Davis,NOP,74,34,21,36.3,28,11.9,2.1,1.3,2.2,0.506,0.305,0.804,11.3,0.201,4,3.9,1,1
James Harden,HOU,77,55,3,36.5,29.2,8.1,11.2,1.5,0.5,0.44,0.345,0.85,14.4,0.246,8.5,10,1,1
Stephen Curry,GSW,77,67,1,33.5,25.3,4.5,6.6,1.8,0.2,0.468,0.408,0.901,12.3,0.228,6,7.3,1,1
Kevin Durant,GSW,59,67,1,33.6,25.3,8.2,4.8,1.1,1.6,0.537,0.378,0.876,11.4,0.277,5,8.1,1,1
Kawhi Leonard,SAS,71,61,2,33.6,25.7,5.9,3.6,1.8,0.8,0.483,0.374,0.88,13.3,0.267,6,7.9,1,1
Marc Gasol,MEM,71,43,12,34.5,19.8,6.2,4.6,0.9,1.3,0.46,0.385,0.832,7.5,0.146,3.9,4.3,0,1
Russell Westbrook,OKC,78,47,10,34.7,31.8,10.7,10.4,1.7,0.4,0.426,0.347,0.841,12.8,0.227,12,15.6,1,1
Klay Thompson,GSW,76,67,1,34.2,22.5,3.7,2.1,0.8,0.5,0.471,0.417,0.85,6.9,0.127,1.5,0.3,0,1
Gordon Hayward,UTA,70,51,8,34.6,21.8,5.5,3.5,1,0.3,0.465,0.393,0.845,9.9,0.196,3.7,4.1,0,1
Draymond Green,GSW,74,67,1,32.8,10.2,8,7.1,2.1,1.4,0.418,0.304,0.706,8,0.159,4.5,5.3,1,1
DeAndre Jordan,LAC,78,51,6,31.7,12.6,13.7,1.2,0.6,1.7,0.712,0,0.487,11.1,0.215,3.6,3.7,1,1
DeMarcus Cousins,SAC,72,32,23,34.2,27,11.1,4.6,1.4,1.3,0.452,0.361,0.772,7.8,0.151,5.4,6.7,0,1
DeMar DeRozan,TOR,72,51,7,35.5,27,5.3,4,1.1,0.2,0.465,0.268,0.841,8.6,0.162,1.8,0.8,1,1
Giannis Antetokounmpo,MIL,77,42,14,35.5,23.1,8.7,5.4,1.7,1.9,0.523,0.278,0.772,12.1,0.213,6.7,7.8,1,1
Kyrie Irving,CLE,70,51,5,35,25,3.2,5.8,1.2,0.4,0.47,0.395,0.906,8.6,0.168,2.8,2.5,0,1
LeBron James,CLE,72,51,5,37.6,26.3,8.6,8.7,1.2,0.6,0.545,0.362,0.674,12.5,0.221,7.1,8.4,1,1
Jimmy Butler,CHI,72,41,15,37.1,23.9,6.1,5.5,1.9,0.4,0.455,0.357,0.861,12.8,0.231,5.9,6.8,1,1
Paul George,IND,71,42,13,35.8,23.3,6.5,3.3,1.5,0.4,0.453,0.392,0.902,6.1,0.115,2.8,2.4,0,1
John Wall,WAS,76,49,9,36.4,23.2,4.2,10.7,2.1,0.6,0.452,0.318,0.807,8.8,0.152,4.3,4.2,1,1
Kemba Walker,CHO,78,36,20,34.7,23.2,3.9,5.5,1.1,0.3,0.444,0.402,0.844,8,0.142,3.8,3.6,0,1
Carmelo Anthony,NYK,72,31,25,34.5,22.5,5.9,2.9,0.8,0.5,0.434,0.36,0.833,4.6,0.089,0.8,-0.7,0,1
Isaiah Thomas,BOS,72,53,4,34,29.1,2.6,5.9,0.9,0.1,0.463,0.38,0.911,12.1,0.237,4.5,5.3,1,1
Kyle Lowry,TOR,57,51,7,37.8,22.8,4.8,6.9,1.5,0.3,0.465,0.416,0.829,9.9,0.22,4.8,6.7,0,1
Paul Millsap,ATL,66,43,11,34.2,18,7.7,3.7,1.3,0.9,0.44,0.312,0.762,6.1,0.131,2.6,2.7,0,1
Rudy Gobert,UTA,77,51,8,34.1,14,12.9,1.2,0.6,2.7,0.663,0,0.652,13.9,0.254,5.4,6.1,1,0
LeBron James,CLE,82,50,6,36.9,27.5,8.6,9.1,1.4,0.9,0.542,0.367,0.731,14,0.221,8.9,9.6,1,1
Kevin Durant,GSW,68,58,3,34.2,26.4,6.8,5.4,0.7,1.8,0.516,0.419,0.889,10.4,0.215,4.5,5.6,1,1
Russell Westbrook,OKC,80,48,10,36.4,25.4,10.1,10.3,1.8,0.3,0.449,0.298,0.737,10.1,0.166,7.5,8.2,1,1
Kyrie Irving,BOS,60,55,4,32.2,24.4,3.8,5.1,1.1,0.3,0.491,0.408,0.889,8.9,0.222,4,6.2,0,1
Anthony Davis,NOP,75,48,9,36.4,28.1,11.1,2.3,1.5,2.6,0.534,0.34,0.828,13.7,0.241,4.9,5.2,1,1
Paul George,OKC,79,48,10,36.6,21.9,5.7,3.3,2,0.5,0.43,0.401,0.822,8.9,0.147,3.3,2.6,1,1
Andre Drummond,DET,78,39,19,33.7,15,16,3,1.5,1.6,0.529,0,0.605,10.3,0.189,5,5.5,0,1
Bradley Beal,WAS,82,43,17,36.3,22.6,4.4,4.5,1.2,0.4,0.46,0.375,0.791,6.9,0.111,2.7,1.7,0,1
Victor Oladipo,IND,75,48,8,34,23.1,5.2,4.3,2.4,0.8,0.477,0.371,0.799,8.2,0.155,4.5,4.9,1,1
Kemba Walker,CHO,80,36,46,34.2,22.1,3.1,5.6,1.1,0.3,0.431,0.384,0.864,8.6,0.15,3.6,3.2,0,1
Goran Dragic,MIA,75,44,15,31.7,17.3,4.1,4.8,0.8,0.2,0.45,0.37,0.801,5.3,0.106,1.2,-0.1,0,1
LaMarcus Aldridge,SAS,75,47,13,33.5,23.1,8.5,2,0.6,1.2,0.51,0.293,0.837,10.9,0.209,3.3,3.3,1,1
James Harden,HOU,72,65,1,35.4,30.4,5.4,8.8,1.8,0.7,0.449,0.367,0.858,15.4,0.289,8.3,10.9,1,1
DeMar DeRozan,TOR,80,59,2,33.9,23,3.9,5.2,1.1,0.3,0.456,0.31,0.825,9.6,0.17,2.6,1.8,1,1
Stephen Curry,GSW,51,58,3,32,26.4,5.1,6.1,1.6,0.2,0.495,0.423,0.921,9.1,0.267,4.4,8.6,1,1
Giannis Antetokounmpo,MIL,75,44,16,36.7,26.9,10,4.8,1.5,1.4,0.529,0.307,0.76,11.9,0.207,5.4,5.8,1,1
Joel Embiid,PHI,63,52,5,30.3,22.9,11,3.2,0.6,1.8,0.483,0.308,0.769,6.2,0.155,2.2,2.6,1,1
Kyle Lowry,TOR,78,50,2,32.2,16.2,5.6,6.9,1.1,0.2,0.427,0.399,0.854,10.2,0.194,5,5.9,0,1
Klay Thompson,GSW,73,58,3,34.3,20,3.8,2.5,0.8,0.5,0.488,0.44,0.837,4.9,0.094,0.9,-0.6,0,1
Damian Lillard,POR,73,49,7,36.6,26.9,4.5,6.6,1.1,0.4,0.439,0.361,0.916,12.6,0.227,5.9,6.7,1,1
Draymond Green,GSW,70,58,3,32.7,11,7.6,7.3,1.4,1.3,0.454,0.301,0.775,6.1,0.127,3,3.2,0,1
Karl-Anthony Towns,MIN,82,47,12,35.6,21.3,12.3,2.4,0.8,1.4,0.545,0.421,0.858,14,0.23,5.5,5.5,1,1
Al Horford,BOS,72,55,4,31.6,12.9,7.4,4.7,0.6,1.1,0.489,0.429,0.783,7.8,0.165,3.5,4,0,1
Jimmy Butler,MIN,59,47,12,36.7,22.2,5.3,4.9,2,0.4,0.474,0.35,0.854,8.9,0.198,3.8,5,1,0
